nombre,direccion,telefono,instagram,facebook
Full ejes Medellín,"Cra. 48 # 39-24, La Candelaria, Medellín, La Candelaria, Medellín, Antioquia",'+573016760173,https://www.instagram.com/tallermotortek/,http://facebook.com/J3Automotriz
Multicar San Lucas,"Carulla San Lucas, Cl. 20 Sur #27-124, El Poblado, Medellín, El Poblado, Medellín, Antioquia",'+573108396898,https://www.instagram.com/multicar.sas/,https://www.facebook.com/MulticarMedellin/
Taller de Latonería y Pintura en Medellin - Cars System & Spa,"Cra. 65 #31 - 35, Medellín, Belén, Medellín, Antioquia",'+573114009045,https://www.instagram.com/carssystem__,https://www.facebook.com/tallercarssystem/?locale=es_LA
Taller de Latonería y Pintura en Medellin - Cars System & Spa,"Cra. 65 #31 - 35, Medellín, Belén, Medellín, Antioquia",'+573114009045,https://www.instagram.com/carssystem__,https://www.facebook.com/tallercarssystem/?locale=es_LA
A&C Taller Automotriz Medellín,"San Fernando, Medellín, Guayabal, Medellín, Antioquia",'+576043611815,https://www.instagram.com/taller_automotrizayc/,http://facebook.com/J3Automotriz
A&C Taller Automotriz Medellín,"San Fernando, Medellín, Guayabal, Medellín, Antioquia",'+576043611815,https://www.instagram.com/taller_automotrizayc/,http://facebook.com/J3Automotriz
Milán Automotriz Taller Mecánico,"Cl. 51 #69-11, Laureles - Estadio, Medellín, Laureles, Medellín, Antioquia",'+573506910997,https://www.instagram.com/milan_automotriz/?locale=zh_CN&hl=bg,http://facebook.com/J3Automotriz
Milán Automotriz Taller Mecánico,"Cl. 51 #69-11, Laureles - Estadio, Medellín, Laureles, Medellín, Antioquia",'+573506910997,https://www.instagram.com/milan_automotriz/?locale=zh_CN&hl=bg,http://facebook.com/J3Automotriz
"Mecánico a Domicilio,medellin A2P taller automotriz","Cra 88 #43-20, Santa Monica, Medellín, La América, Medellín, Antioquia",'+573117557219,https://www.instagram.com/a2pmecanicaautomotriz,https://www.facebook.com/a2ptaller/
"Mecánico a Domicilio,medellin A2P taller automotriz","Cra 88 #43-20, Santa Monica, Medellín, La América, Medellín, Antioquia",'+573117557219,https://www.instagram.com/a2pmecanicaautomotriz,https://www.facebook.com/a2ptaller/
Car Up Taller Automotriz,"Cl. 21 #77-31, Medellín, Belén, Medellín, Antioquia",'+573022458339,https://www.instagram.com/carup_automotriz/,https://www.facebook.com/carupautomotriz
Car Up Taller Automotriz,"Cl. 21 #77-31, Medellín, Belén, Medellín, Antioquia",'+573022458339,https://www.instagram.com/carup_automotriz/,https://www.facebook.com/carupautomotriz
Taller automotriz la garantia,"Cl. 70 #49-47, Aranjuez, Medellín, Aranjuez, Medellín, Antioquia",'+573148876324,https://www.instagram.com/tallerautomotrizlagarantia/,http://facebook.com/J3Automotriz
Taller automotriz la garantia,"Cl. 70 #49-47, Aranjuez, Medellín, Aranjuez, Medellín, Antioquia",'+573148876324,https://www.instagram.com/tallerautomotrizlagarantia/,http://facebook.com/J3Automotriz
Taller Automotriz Repar-Cars Medellín,"Cra. 52 # 1-30, Guayabal, Medellín, Guayabal, Medellín, Antioquia",'+573214054614,https://www.instagram.com/tallermotortek/,http://facebook.com/J3Automotriz
Taller Automotriz Repar-Cars Medellín,"Cra. 52 # 1-30, Guayabal, Medellín, Guayabal, Medellín, Antioquia",'+573214054614,https://www.instagram.com/tallermotortek/,http://facebook.com/J3Automotriz
On Service Automotriz,"Cl. 11 #43F - 126 int 02, El Poblado, Medellín, El Poblado, Medellín, Antioquia",'+573186953429,https://www.instagram.com/onserviceautomotriz_117/?hl=es,https://www.facebook.com/onservice117/
On Service Automotriz,"Cl. 11 #43F - 126 int 02, El Poblado, Medellín, El Poblado, Medellín, Antioquia",'+573186953429,https://www.instagram.com/onserviceautomotriz_117/?hl=es,https://www.facebook.com/onservice117/
Mecanico a domicilio Medellín,"Cl. 41 #42-07, La Candelaria, Medellín, La Candelaria, Medellín, Antioquia",'+573105451817,https://www.instagram.com/mec.a.domicilio/,https://www.facebook.com/autodom.medellin
Mecanico a domicilio Medellín,"Cl. 41 #42-07, La Candelaria, Medellín, La Candelaria, Medellín, Antioquia",'+573105451817,https://www.instagram.com/mec.a.domicilio/,https://www.facebook.com/autodom.medellin
Centro Automotriz Ramiro Hoyos,"Cl. 51 #67 164, Laureles - Estadio, Medellín, Laureles, Medellín, Antioquia",'+576045017458,https://www.instagram.com/tallermotortek/,http://facebook.com/J3Automotriz
Centro Automotriz Ramiro Hoyos,"Cl. 51 #67 164, Laureles - Estadio, Medellín, Laureles, Medellín, Antioquia",'+576045017458,https://www.instagram.com/tallermotortek/,http://facebook.com/J3Automotriz
Taller mecánico Medellín Autolab,"Cra. 41 #35 SUR 45, Zona 9, Envigado, Antioquia",'+573009121133,https://www.instagram.com/tallermotortek/,http://facebook.com/J3Automotriz
Taller mecánico Medellín Autolab,"Cra. 41 #35 SUR 45, Zona 9, Envigado, Antioquia",'+573009121133,https://www.instagram.com/tallermotortek/,http://facebook.com/J3Automotriz
TALLER AUTOMOTRIZ J3,"Cra 44, El Poblado, Medellín, El Poblado, Medellín, Antioquia",'+573195234249,https://www.instagram.com/tallermotortek/,https://www.facebook.com/J3Automotriz/
TALLER AUTOMOTRIZ J3,"Cra 44, El Poblado, Medellín, El Poblado, Medellín, Antioquia",'+573195234249,https://www.instagram.com/tallermotortek/,https://www.facebook.com/J3Automotriz/
Taller de Mecánica Gocar,"Cra. 65 #16A-23, Guayabal, Medellín, Guayabal, Medellín, Antioquia",'+5742657150,https://www.instagram.com/tallermotortek/,http://facebook.com/J3Automotriz
Taller de Mecánica Gocar,"Cra. 65 #16A-23, Guayabal, Medellín, Guayabal, Medellín, Antioquia",'+5742657150,https://www.instagram.com/tallermotortek/,http://facebook.com/J3Automotriz
Motortek Medellin Taller Automotriz - Taller Ruta 4,"Cl. 21A #7678, Medellín, Belén, Medellín, Antioquia",'+573017814195,https://www.instagram.com/motortekmedellin/,http://facebook.com/J3Automotriz
Motortek Medellin Taller Automotriz - Taller Ruta 4,"Cl. 21A #7678, Medellín, Belén, Medellín, Antioquia",'+573017814195,https://www.instagram.com/motortekmedellin/,http://facebook.com/J3Automotriz
Mecanicos a Domicilio Mecticenter Sede Exposiciones,"Cra. 54 #CARRERA 54 54, La Candelaria, Medellín, La Candelaria, Medellín, Antioquia",'+573194637156,https://www.instagram.com/mecticenteroficial/,https://www.facebook.com/MecticenterCO/
Mecanicos a Domicilio Mecticenter Sede Exposiciones,"Cra. 54 #CARRERA 54 54, La Candelaria, Medellín, La Candelaria, Medellín, Antioquia",'+573194637156,https://www.instagram.com/mecticenteroficial/,https://www.facebook.com/MecticenterCO/
Taller JSD AUTOMOTRIZ,"Cra. 70 #32b - 79, Medellín, Belén, Medellín, Antioquia",,https://www.instagram.com/jsdautomotriz/?hl=es,https://www.facebook.com/Jsdautomotriz/
Taller JSD AUTOMOTRIZ,"Cra. 70 #32b - 79, Medellín, Belén, Medellín, Antioquia",,https://www.instagram.com/jsdautomotriz/?hl=es,https://www.facebook.com/Jsdautomotriz/
"Taller Automotriz , Taller de Latonería y Pintura - Aranautoos WG Motriz","Cra. 65B #30-110, Medellín, Belén, Medellín, Antioquia",'+573014615936,https://www.instagram.com/aranautooswg,https://www.facebook.com/aranautoos
"Taller Automotriz , Taller de Latonería y Pintura - Aranautoos WG Motriz","Cra. 65B #30-110, Medellín, Belén, Medellín, Antioquia",'+573014615936,https://www.instagram.com/aranautooswg,https://www.facebook.com/aranautoos
Rapimecanicos,"Cl. 118 #65-50, Florencia, Medellín, Castilla, Medellín, Antioquia",'+573133997298,https://www.instagram.com/rapimecanicos.co/,https://m.facebook.com/people/Rapimecanica/61564347392530/
Rapimecanicos,"Cl. 118 #65-50, Florencia, Medellín, Castilla, Medellín, Antioquia",'+573133997298,https://www.instagram.com/rapimecanicos.co/,https://m.facebook.com/people/Rapimecanica/61564347392530/
EuroTaller Los Mellizos Ingeniería Automotriz,"Carrera 50E, Cl. 7 Sur #25 #, Medellín, Antioquia",'+576042553566,https://www.instagram.com/eurotallerlosmellizosing/,https://www.facebook.com/losmellizostaller/?locale=es_LA
EuroTaller Los Mellizos Ingeniería Automotriz,"Carrera 50E, Cl. 7 Sur #25 #, Medellín, Antioquia",'+576042553566,https://www.instagram.com/eurotallerlosmellizosing/,https://www.facebook.com/losmellizostaller/?locale=es_LA
Multicar San Lucas,"Carulla San Lucas, Cl. 20 Sur #27-124, El Poblado, Medellín, El Poblado, Medellín, Antioquia",'+573108396898,https://www.instagram.com/multicar.sas/,https://www.facebook.com/MulticarMedellin/
Full ejes Medellín,"Cra. 48 # 39-24, La Candelaria, Medellín, La Candelaria, Medellín, Antioquia",'+573016760173,https://www.instagram.com/magos_by_aristi/,http://www.facebook.com/InyeCar
TALLERAMA,"Cra. 48 #40-49, La Candelaria, Medellín, La Candelaria, Medellín, Antioquia",'+573174269801,https://www.instagram.com/tallerama_med/,http://www.facebook.com/InyeCar
TALLERAMA,"Cra. 48 #40-49, La Candelaria, Medellín, La Candelaria, Medellín, Antioquia",'+573174269801,https://www.instagram.com/tallerama_med/,http://www.facebook.com/InyeCar
Centro automotriz - Taller mecanico Speed Car,"Cra. 51D #67-79, Aranjuez, Medellín, Aranjuez, Medellín, Antioquia",'+573128903754,https://www.instagram.com/speedcarjl/,https://www.facebook.com/speedcarjl
Centro automotriz - Taller mecanico Speed Car,"Cra. 51D #67-79, Aranjuez, Medellín, Aranjuez, Medellín, Antioquia",'+573128903754,https://www.instagram.com/speedcarjl/,https://www.facebook.com/speedcarjl
TALLER AUTOMOTRIZ JHONOSCAR,"Cra. 47 #75-91, El Carmelo, Itagüi, Medellín, Antioquia",'+575576866,https://www.instagram.com/magos_by_aristi/,http://www.facebook.com/InyeCar
TALLER AUTOMOTRIZ JHONOSCAR,"Cra. 47 #75-91, El Carmelo, Itagüi, Medellín, Antioquia",'+575576866,https://www.instagram.com/magos_by_aristi/,http://www.facebook.com/InyeCar
Taller Auto-Matic Medellín,"Cra. 65GG #24-46, Guayabal, Medellín, Guayabal, Medellín, Antioquia",'+573113769823,https://www.instagram.com/taller.automatic/?hl=es,https://www.facebook.com/p/Taller-Auto-Matic-100063718914254/?locale=es_LA
Taller Auto-Matic Medellín,"Cra. 65GG #24-46, Guayabal, Medellín, Guayabal, Medellín, Antioquia",'+573113769823,https://www.instagram.com/taller.automatic/?hl=es,https://www.facebook.com/p/Taller-Auto-Matic-100063718914254/?locale=es_LA
Taller automotriz (Magos by Aristi),"Cl. 3c #77a-15, Medellín, Belén, Medellín, Antioquia",'+573116086472,https://www.instagram.com/magos_by_aristi/,https://m.facebook.com/story.php?story_fbid=721704216507318&id=100044523321799
Taller automotriz (Magos by Aristi),"Cl. 3c #77a-15, Medellín, Belén, Medellín, Antioquia",'+573116086472,https://www.instagram.com/magos_by_aristi/,https://m.facebook.com/story.php?story_fbid=721704216507318&id=100044523321799
Mecticenter Taller Automotriz Sede Exposiciones,"Cra. 54 #36-20, La Candelaria, Medellín, La Candelaria, Medellín, Antioquia",'+573217929800,https://www.instagram.com/mecticenteroficial/,https://www.facebook.com/Mecticenter
Mecticenter Taller Automotriz Sede Exposiciones,"Cra. 54 #36-20, La Candelaria, Medellín, La Candelaria, Medellín, Antioquia",'+573217929800,https://www.instagram.com/mecticenteroficial/,https://www.facebook.com/Mecticenter
Taller G Diez S.A.S.,"Cl. 29C #56-75, Guayabal, Medellín, Guayabal, Medellín, Antioquia",'+574481086,https://www.instagram.com/tallergdiez/,http://www.facebook.com/InyeCar
Taller G Diez S.A.S.,"Cl. 29C #56-75, Guayabal, Medellín, Guayabal, Medellín, Antioquia",'+574481086,https://www.instagram.com/tallergdiez/,http://www.facebook.com/InyeCar
autoariosto,"Cra. 65 #65-11, Medellín, Belén, Medellín, Antioquia",'+576045094253,https://www.instagram.com/magos_by_aristi/,http://www.facebook.com/InyeCar
autoariosto,"Cra. 65 #65-11, Medellín, Belén, Medellín, Antioquia",'+576045094253,https://www.instagram.com/magos_by_aristi/,http://www.facebook.com/InyeCar
taller automotriz Monarca,"Frente a la entrada de Makro, calle 44, Av San Juan #66-63, Medellín, Antioquia",'+573005861058,https://www.instagram.com/magos_by_aristi/,http://www.facebook.com/InyeCar
taller automotriz Monarca,"Frente a la entrada de Makro, calle 44, Av San Juan #66-63, Medellín, Antioquia",'+573005861058,https://www.instagram.com/magos_by_aristi/,http://www.facebook.com/InyeCar
taller Sincromax,"Cra. 64 #43 - 37, Laureles - Estadio, Medellín, Laureles, Medellín, Antioquia",'+576045061627,https://www.instagram.com/sincromax.medellin/?hl=es,http://www.facebook.com/InyeCar
taller Sincromax,"Cra. 64 #43 - 37, Laureles - Estadio, Medellín, Laureles, Medellín, Antioquia",'+576045061627,https://www.instagram.com/sincromax.medellin/?hl=es,http://www.facebook.com/InyeCar
COORDINAUTO TALLER AUTOMOTRIZ,"Cl. 43 #72-64, Laureles - Estadio, Medellín, Laureles, Medellín, Antioquia",'+573113875939,https://www.instagram.com/magos_by_aristi/,https://www.facebook.com/p/Coordinauto-Taller-Automotriz-100063817486970/
COORDINAUTO TALLER AUTOMOTRIZ,"Cl. 43 #72-64, Laureles - Estadio, Medellín, Laureles, Medellín, Antioquia",'+573113875939,https://www.instagram.com/magos_by_aristi/,https://www.facebook.com/p/Coordinauto-Taller-Automotriz-100063817486970/
Taller Hare Automotriz,"Cra 44 #2771, El Poblado, Medellín, El Poblado, Medellín, Antioquia",'+5744086095,https://www.instagram.com/magos_by_aristi/,https://www.facebook.com/hare.automotriz/?locale=es_LA
Taller Hare Automotriz,"Cra 44 #2771, El Poblado, Medellín, El Poblado, Medellín, Antioquia",'+5744086095,https://www.instagram.com/magos_by_aristi/,https://www.facebook.com/hare.automotriz/?locale=es_LA
Taller Automotriz Juanes,"La Candelaria, Medellín, La Candelaria, Medellín, Antioquia",'+57572682607,https://www.instagram.com/magos_by_aristi/,http://www.facebook.com/InyeCar
Taller Automotriz Juanes,"La Candelaria, Medellín, La Candelaria, Medellín, Antioquia",'+57572682607,https://www.instagram.com/magos_by_aristi/,http://www.facebook.com/InyeCar
Zamautos Mecanico Medellin,"Cra. 35 #56-30, Medellín, Villa Hermosa, Medellín, Antioquia",'+573004166436,https://www.instagram.com/zamautosmecanico/,https://www.facebook.com/p/Zamautos-Mec%C3%A1nico-Automotriz-100089284491310/?locale=es_LA
Zamautos Mecanico Medellin,"Cra. 35 #56-30, Medellín, Villa Hermosa, Medellín, Antioquia",'+573004166436,https://www.instagram.com/zamautosmecanico/,https://www.facebook.com/p/Zamautos-Mec%C3%A1nico-Automotriz-100089284491310/?locale=es_LA
Taller Automotriz-Duvan Muñoz,"51, Cra. 52 #11A, Colinas del Sur, Medellín, Antioquia",'+572854622,https://www.instagram.com/tallerduvanmunoz/?hl=es-la,https://www.facebook.com/Desvarese.com2/posts/taller-automotriz-duvan-mu%C3%B1oz-almacen-de-repuestos-especializados-en-repuestos-y/1291643037887451/
Taller Automotriz-Duvan Muñoz,"51, Cra. 52 #11A, Colinas del Sur, Medellín, Antioquia",'+572854622,https://www.instagram.com/tallerduvanmunoz/?hl=es-la,https://www.facebook.com/Desvarese.com2/posts/taller-automotriz-duvan-mu%C3%B1oz-almacen-de-repuestos-especializados-en-repuestos-y/1291643037887451/
Juan Mecánico Experto Automotriz,"Cl. 31 #43-22, La Candelaria, Medellín, La Candelaria, Medellín, Antioquia",'+573117930215,https://www.instagram.com/juanmecanicomed/?hl=es,https://www.facebook.com/Juanmecanicomed/
Juan Mecánico Experto Automotriz,"Cl. 31 #43-22, La Candelaria, Medellín, La Candelaria, Medellín, Antioquia",'+573117930215,https://www.instagram.com/juanmecanicomed/?hl=es,https://www.facebook.com/Juanmecanicomed/
Mecánico carros fabian,"Cl. 5 Sur #51A - 42, Guayabal, Medellín, Guayabal, Medellín, Antioquia",'+573245917908,https://www.instagram.com/fabian_turbo/?hl=es,http://www.facebook.com/InyeCar
Mecánico carros fabian,"Cl. 5 Sur #51A - 42, Guayabal, Medellín, Guayabal, Medellín, Antioquia",'+573245917908,https://www.instagram.com/fabian_turbo/?hl=es,http://www.facebook.com/InyeCar
Talleres De Mecánica Automotriz,"Cra. 87 #39, Medellín, Belén, Medellín, Antioquia",,https://www.instagram.com/magos_by_aristi/,http://www.facebook.com/InyeCar
Talleres De Mecánica Automotriz,"Cra. 87 #39, Medellín, Belén, Medellín, Antioquia",,https://www.instagram.com/magos_by_aristi/,http://www.facebook.com/InyeCar
TALLER INYE CAR,"Cl 44 #69 05, Laureles - Estadio, Medellín, Laureles, Medellín, Antioquia",'+5742309917,https://www.instagram.com/magos_by_aristi/,https://www.facebook.com/InyeCar/?locale=es_LA
TALLER INYE CAR,"Cl 44 #69 05, Laureles - Estadio, Medellín, Laureles, Medellín, Antioquia",'+5742309917,https://www.instagram.com/magos_by_aristi/,https://www.facebook.com/InyeCar/?locale=es_LA
Full ejes Medellín,"Cra. 48 # 39-24, La Candelaria, Medellín, La Candelaria, Medellín, Antioquia",'+573016760173,https://instagram.com/tallerautoptimos?utm_medium=copy_link,
Multicar San Lucas,"Carulla San Lucas, Cl. 20 Sur #27-124, El Poblado, Medellín, El Poblado, Medellín, Antioquia",'+573108396898,https://www.instagram.com/multicar.sas/,https://www.facebook.com/MulticarMedellin/
Taller Main,"Cl. 28 #57 40, Guayabal, Medellín, Guayabal, Medellín, Antioquia",'+576044019659,https://instagram.com/tallerautoptimos?utm_medium=copy_link,
Taller Main,"Cl. 28 #57 40, Guayabal, Medellín, Guayabal, Medellín, Antioquia",'+576044019659,https://instagram.com/tallerautoptimos?utm_medium=copy_link,
Taller Hare Automotriz,"Cra 44 #2771, El Poblado, Medellín, El Poblado, Medellín, Antioquia",'+5744086095,https://instagram.com/tallerautoptimos?utm_medium=copy_link,https://www.facebook.com/hare.automotriz/?locale=es_LA
Taller Hare Automotriz,"Cra 44 #2771, El Poblado, Medellín, El Poblado, Medellín, Antioquia",'+5744086095,https://instagram.com/tallerautoptimos?utm_medium=copy_link,https://www.facebook.com/hare.automotriz/?locale=es_LA
NIPO AUTOS Y CAMPEROS - TALLER MECANICA MEDELLIN,"Calle 44, Av San Juan # 69- 35, Medellín, Antioquia",'+573007838891,https://instagram.com/tallerautoptimos?utm_medium=copy_link,
NIPO AUTOS Y CAMPEROS - TALLER MECANICA MEDELLIN,"Calle 44, Av San Juan # 69- 35, Medellín, Antioquia",'+573007838891,https://instagram.com/tallerautoptimos?utm_medium=copy_link,
Taller de Mecánica | Taller JC Automotriz,"Cl. 51 #71 A – 07, Laureles - Estadio, Medellín, Laureles, Medellín, Antioquia",'+573122700491,https://instagram.com/tallerautoptimos?utm_medium=copy_link,
Taller de Mecánica | Taller JC Automotriz,"Cl. 51 #71 A – 07, Laureles - Estadio, Medellín, Laureles, Medellín, Antioquia",'+573122700491,https://instagram.com/tallerautoptimos?utm_medium=copy_link,
Taller Los Jimenez,"La Candelaria, Medellín, La Candelaria, Medellín, Antioquia",,https://instagram.com/tallerautoptimos?utm_medium=copy_link,
Taller Los Jimenez,"La Candelaria, Medellín, La Candelaria, Medellín, Antioquia",,https://instagram.com/tallerautoptimos?utm_medium=copy_link,
Taller Automotriz Repar-Cars Medellín,"Cra. 52 # 1-30, Guayabal, Medellín, Guayabal, Medellín, Antioquia",'+573214054614,https://instagram.com/tallerautoptimos?utm_medium=copy_link,
Taller Automotriz Repar-Cars Medellín,"Cra. 52 # 1-30, Guayabal, Medellín, Guayabal, Medellín, Antioquia",'+573214054614,https://instagram.com/tallerautoptimos?utm_medium=copy_link,
Casa Mecánica SAS,"Cra. 45 #31 49, La Candelaria, Medellín, La Candelaria, Medellín, Antioquia",'+576045943066,https://instagram.com/tallerautoptimos?utm_medium=copy_link,
Casa Mecánica SAS,"Cra. 45 #31 49, La Candelaria, Medellín, La Candelaria, Medellín, Antioquia",'+576045943066,https://instagram.com/tallerautoptimos?utm_medium=copy_link,
Zamautos Mecanico Medellin,"Cra. 35 #56-30, Medellín, Villa Hermosa, Medellín, Antioquia",'+573004166436,https://www.instagram.com/zamautosmecanico/,https://www.facebook.com/p/Zamautos-Mec%C3%A1nico-Automotriz-100089284491310/?locale=es_LA
Zamautos Mecanico Medellin,"Cra. 35 #56-30, Medellín, Villa Hermosa, Medellín, Antioquia",'+573004166436,https://www.instagram.com/zamautosmecanico/,https://www.facebook.com/p/Zamautos-Mec%C3%A1nico-Automotriz-100089284491310/?locale=es_LA
Taller Armanautos,"Cl 44 #74-39, Laureles - Estadio, Medellín, Laureles, Medellín, Antioquia",'+573108968491,https://www.instagram.com/armanautos/?hl=es,
Taller Armanautos,"Cl 44 #74-39, Laureles - Estadio, Medellín, Laureles, Medellín, Antioquia",'+573108968491,https://www.instagram.com/armanautos/?hl=es,
Taller Mitsuma,"Cra. 44A #3936, La Candelaria, Medellín, La Candelaria, Medellín, Antioquia",'+576045173768,https://instagram.com/tallerautoptimos?utm_medium=copy_link,
Taller Mitsuma,"Cra. 44A #3936, La Candelaria, Medellín, La Candelaria, Medellín, Antioquia",'+576045173768,https://instagram.com/tallerautoptimos?utm_medium=copy_link,
Taller De Mecanica Automotriz,"Cra. 44, La Candelaria, Medellín, La Candelaria, Medellín, Antioquia",,https://instagram.com/tallerautoptimos?utm_medium=copy_link,
Banco de Prueba Rivaree,"Cra. 46 #35-29, La Candelaria, Medellín, La Candelaria, Medellín, Antioquia",'+573104269932,https://www.instagram.com/taller.rivaree/,https://www.facebook.com/p/Banco-de-Prueba-Taller-Rivaree-100070159728115/
Banco de Prueba Rivaree,"Cra. 46 #35-29, La Candelaria, Medellín, La Candelaria, Medellín, Antioquia",'+573104269932,https://www.instagram.com/taller.rivaree/,https://www.facebook.com/p/Banco-de-Prueba-Taller-Rivaree-100070159728115/
Taller Carlos Mario Londoño,"Cl. 43a #65-76, Laureles - Estadio, Medellín, Laureles, Medellín, Antioquia",'+572302302,https://instagram.com/tallerautoptimos?utm_medium=copy_link,
Taller Carlos Mario Londoño,"Cl. 43a #65-76, Laureles - Estadio, Medellín, Laureles, Medellín, Antioquia",'+572302302,https://instagram.com/tallerautoptimos?utm_medium=copy_link,
Taller Autóptimo,"Calle 32c 65a 28 Belén, Medellín, Antioquia",'+573017529893,https://www.instagram.com/tecnicentroloscolores/?hl=es,https://m.facebook.com/story.php?story_fbid=230269935456644&id=109117590905213
Taller Molina,"Cra. 65A #32d110, Medellín, Belén, Medellín, Antioquia",'+5745909147,https://instagram.com/tallerautoptimos?utm_medium=copy_link,
Taller Molina,"Cra. 65A #32d110, Medellín, Belén, Medellín, Antioquia",'+5745909147,https://instagram.com/tallerautoptimos?utm_medium=copy_link,
Taller Autos y Latas,"Av. Ayacucho #5795, La Candelaria, Medellín, La Candelaria, Medellín, Antioquia",,https://instagram.com/tallerautoptimos?utm_medium=copy_link,https://www.facebook.com/autolatasmedellin/?locale=es_LA
Hangarautos s.a.s Medellin,"Cl. 30 # 44-128, La Candelaria, Medellín, La Candelaria, Medellín, Antioquia",'+573218310037,https://instagram.com/tallerautoptimos?utm_medium=copy_link,
Hangarautos s.a.s Medellin,"Cl. 30 # 44-128, La Candelaria, Medellín, La Candelaria, Medellín, Antioquia",'+573218310037,https://instagram.com/tallerautoptimos?utm_medium=copy_link,
Taller Vargas,"Cra. 64 #43-31, Laureles - Estadio, Medellín, Laureles, Medellín, Antioquia",'+5742607683,https://instagram.com/tallerautoptimos?utm_medium=copy_link,https://www.facebook.com/groups/historiafotograficademedellin/posts/10162912881724384/
Full ejes Medellín,"Cra. 48 # 39-24, La Candelaria, Medellín, La Candelaria, Medellín, Antioquia",'+573016760173,,
Mecticenter Taller Automotriz Sede Exposiciones,"Cra. 54 #36-20, La Candelaria, Medellín, La Candelaria, Medellín, Antioquia",'+573217929800,https://www.instagram.com/mecticenteroficial/,https://www.facebook.com/Mecticenter
A.J. Service - Mecánica Automotriz - Taller Ruta 4,"Cl. 42C #81 90, Simón Bolívar, Medellín, La América, Medellín, Antioquia",'+5744447703,https://www.instagram.com/ajservicemecanica/?hl=es,
A.J. Service - Mecánica Automotriz - Taller Ruta 4,"Cl. 42C #81 90, Simón Bolívar, Medellín, La América, Medellín, Antioquia",'+5744447703,https://www.instagram.com/ajservicemecanica/?hl=es,
Taller AUTOZONE EXPRESS Colision Y Spa,"Cra. 52 #35-52, La Candelaria, Medellín, La Candelaria, Medellín, Antioquia",,,https://www.facebook.com/p/Autozone-Express-Collision-y-Spa-100064629261392/
Taller AUTOZONE EXPRESS Colision Y Spa,"Cra. 52 #35-52, La Candelaria, Medellín, La Candelaria, Medellín, Antioquia",,,https://www.facebook.com/p/Autozone-Express-Collision-y-Spa-100064629261392/
Ingenio Mecánico,"Cra. 75 #42-62, Laureles - Estadio, Medellín, Laureles, Medellín, Antioquia",'+573008125696,https://www.instagram.com/ingeniomecanicomed/,
Ingenio Mecánico,"Cra. 75 #42-62, Laureles - Estadio, Medellín, Laureles, Medellín, Antioquia",'+573008125696,https://www.instagram.com/ingeniomecanicomed/,
VEHIFRENOS,"Cra. 51 #3466, La Candelaria, Medellín, La Candelaria, Medellín, Antioquia",'+576042322098,https://www.instagram.com/vehifrenos_medellin/,https://www.facebook.com/VehifrenosMedellin
VEHIFRENOS,"Cra. 51 #3466, La Candelaria, Medellín, La Candelaria, Medellín, Antioquia",'+576042322098,https://www.instagram.com/vehifrenos_medellin/,https://www.facebook.com/VehifrenosMedellin
Rapimecanicos,"Cl. 118 #65-50, Florencia, Medellín, Castilla, Medellín, Antioquia",'+573133997298,https://www.instagram.com/rapimecanicos.co/,https://m.facebook.com/people/Rapimecanica/61564347392530/
Rapimecanicos,"Cl. 118 #65-50, Florencia, Medellín, Castilla, Medellín, Antioquia",'+573133997298,https://www.instagram.com/rapimecanicos.co/,https://m.facebook.com/people/Rapimecanica/61564347392530/
TALLER OFF ROAD,"Cra. 57 #30a 19, Medellín, Belén, Medellín, Antioquia",'+573228952029,https://www.instagram.com/ryhnoss/?hl=es-la,https://www.facebook.com/SStalleroffroad/?locale=es_LA
TALLER OFF ROAD,"Cra. 57 #30a 19, Medellín, Belén, Medellín, Antioquia",'+573228952029,https://www.instagram.com/ryhnoss/?hl=es-la,https://www.facebook.com/SStalleroffroad/?locale=es_LA
Taller Gabriel Amortiguadores,"Cl 44 #67 13, Laureles - Estadio, Medellín, Laureles, Medellín, Antioquia",'+573137786719,,
Taller Gabriel Amortiguadores,"Cl 44 #67 13, Laureles - Estadio, Medellín, Laureles, Medellín, Antioquia",'+573137786719,,
Taller Solo Coches,"Cl. 45 #33a17, Buenos Aires, Medellín, Buenos Aires, Medellín, Antioquia",'+5742164981,,
Taller Solo Coches,"Cl. 45 #33a17, Buenos Aires, Medellín, Buenos Aires, Medellín, Antioquia",'+5742164981,,
COLISION EXPRESS DJ,"Cra 44 #29-75, La Candelaria, Medellín, La Candelaria, Medellín, Antioquia",'+576045576039,,
COLISION EXPRESS DJ,"Cra 44 #29-75, La Candelaria, Medellín, La Candelaria, Medellín, Antioquia",'+576045576039,,
Taller en Medellín Especialistas en Cajas Automáticas y Electrónica Automotriz. Palencia Motors.🚗,"Cl. 58 #41-12, La Candelaria, Medellín, La Candelaria, Medellín, Antioquia",'+573204032554,https://www.instagram.com/palencia.motors/?hl=es-la,https://www.facebook.com/TallerPalenciaMotorsMedellin/
Taller en Medellín Especialistas en Cajas Automáticas y Electrónica Automotriz. Palencia Motors.🚗,"Cl. 58 #41-12, La Candelaria, Medellín, La Candelaria, Medellín, Antioquia",'+573204032554,https://www.instagram.com/palencia.motors/?hl=es-la,https://www.facebook.com/TallerPalenciaMotorsMedellin/
taller y almacen mazdautos,"Cl 34, La Candelaria, Medellín, La Candelaria, Medellín, Antioquia",'+5744482326,,https://www.facebook.com/talleralmacenmazdautos/?locale=es_LA
taller y almacen mazdautos,"Cl 34, La Candelaria, Medellín, La Candelaria, Medellín, Antioquia",'+5744482326,,https://www.facebook.com/talleralmacenmazdautos/?locale=es_LA
EuroTaller Los Mellizos Ingeniería Automotriz,"Carrera 50E, Cl. 7 Sur #25 #, Medellín, Antioquia",'+576042553566,https://www.instagram.com/eurotallerlosmellizosing/,https://www.facebook.com/losmellizostaller/?locale=es_LA
EuroTaller Los Mellizos Ingeniería Automotriz,"Carrera 50E, Cl. 7 Sur #25 #, Medellín, Antioquia",'+576042553566,https://www.instagram.com/eurotallerlosmellizosing/,https://www.facebook.com/losmellizostaller/?locale=es_LA
Rojas Taller de Mecánica Automotriz,"Cl 44A #73-76, Laureles - Estadio, Medellín, Laureles, Medellín, Antioquia",'+573504201890,https://www.instagram.com/p/DIT43N9gy-o/,
Taller Electrico Automotríz,"Cl 44A #58-39, La Candelaria, Medellín, La Candelaria, Medellín, Antioquia",'+5745335280,,
Talleres De Mecánica Automotriz,"Cra. 87 #39, Medellín, Belén, Medellín, Antioquia",,,
Talleres De Mecánica Automotriz,"Cra. 87 #39, Medellín, Belén, Medellín, Antioquia",,,
RENAULT EJES,"Cra. 45 #39 - 50, La Candelaria, Medellín, La Candelaria, Medellín, Antioquia",'+573206834875,,
RENAULT EJES,"Cra. 45 #39 - 50, La Candelaria, Medellín, La Candelaria, Medellín, Antioquia",'+573206834875,,
Taller especializado Honda,"Cra. 65 # 34 - 160, Laureles - Estadio, Medellín, Laureles, Medellín, Antioquia",'+573137498747,,
Multicar San Lucas,"Carulla San Lucas, Cl. 20 Sur #27-124, El Poblado, Medellín, El Poblado, Medellín, Antioquia",'+573108396898,https://www.instagram.com/multicar.sas/,https://www.facebook.com/MulticarMedellin/
Full ejes Medellín,"Cra. 48 # 39-24, La Candelaria, Medellín, La Candelaria, Medellín, Antioquia",'+573016760173,,
Ac mecánica automotriz,"Cl 34 #45-17, La Candelaria, Medellín, La Candelaria, Medellín, Antioquia",'+573107009276,https://www.instagram.com/reel/DI62zvhgRKK/,https://www.facebook.com/alejandromecanicaautomotrizs.a.s/
Ac mecánica automotriz,"Cl 34 #45-17, La Candelaria, Medellín, La Candelaria, Medellín, Antioquia",'+573107009276,https://www.instagram.com/reel/DI62zvhgRKK/,https://www.facebook.com/alejandromecanicaautomotrizs.a.s/
Taller Tecno Max Desing Auto Sura,"Cl 36 #4530, La Candelaria, Medellín, La Candelaria, Medellín, Antioquia",'+573053341626,,
Taller Tecno Max Desing Auto Sura,"Cl 36 #4530, La Candelaria, Medellín, La Candelaria, Medellín, Antioquia",'+573053341626,,
"Frenos, Taller mecanico y cambio de aceite a domicilio Todo en Autos Express","Cra. 48a # 70-20, Aranjuez, Medellín, Aranjuez, Medellín, Antioquia",'+573046743912,https://www.instagram.com/todoenautosexpress/?hl=es,https://www.facebook.com/todoenautosmedellin/
"Frenos, Taller mecanico y cambio de aceite a domicilio Todo en Autos Express","Cra. 48a # 70-20, Aranjuez, Medellín, Aranjuez, Medellín, Antioquia",'+573046743912,https://www.instagram.com/todoenautosexpress/?hl=es,https://www.facebook.com/todoenautosmedellin/
MONTALLANTAS Y TALLER AUTOMOTRIZ A1A,"Cl. 77E #79B-46, Medellín, Robledo, Medellín, Antioquia",'+5744221726,,
DAUTOS,"Cra. 45 #24 – 105, El Poblado, Medellín, El Poblado, Medellín, Antioquia",'+573052556716,https://www.instagram.com/dautosmed/,https://www.facebook.com/groups/715277398528792/?locale=es_LA
DAUTOS,"Cra. 45 #24 – 105, El Poblado, Medellín, El Poblado, Medellín, Antioquia",'+573052556716,https://www.instagram.com/dautosmed/,https://www.facebook.com/groups/715277398528792/?locale=es_LA
Autolab - Sede Autotech,"Cra. 71 #42-33, Laureles - Estadio, Medellín, Laureles, Medellín, Antioquia",'+573009121133,,
Autolab - Sede Autotech,"Cra. 71 #42-33, Laureles - Estadio, Medellín, Laureles, Medellín, Antioquia",'+573009121133,,
mecanico guayabal Taller Automotriz EL RODEO,"a con, Cra. 51a # 51 a 04 carrera 51, Cl. 2 Sur, Guayabal, Medellín, Antioquia",'+573052455044,,https://www.facebook.com/AutomotrizRodeoAlto/
Latonería y Pintura El Experto,"Cra. 43 #25A - 141, El Poblado, Medellín, El Poblado, Medellín, Antioquia",'+573006099369,https://www.instagram.com/tallerelexperto/?hl=es,https://www.facebook.com/tallerelexperto
Latonería y Pintura El Experto,"Cra. 43 #25A - 141, El Poblado, Medellín, El Poblado, Medellín, Antioquia",'+573006099369,https://www.instagram.com/tallerelexperto/?hl=es,https://www.facebook.com/tallerelexperto
"Taller Carintegrado - Latonería, pintura y mecánica básica de colisión","Cl. 24 #50-43, Guayabal, Medellín, Guayabal, Medellín, Antioquia",'+573144330445,https://www.instagram.com/carintegradosa/,https://www.facebook.com/carintegrado/?locale=es_LA
"Taller Carintegrado - Latonería, pintura y mecánica básica de colisión","Cl. 24 #50-43, Guayabal, Medellín, Guayabal, Medellín, Antioquia",'+573144330445,https://www.instagram.com/carintegradosa/,https://www.facebook.com/carintegrado/?locale=es_LA
FULL CARS,"Cra 44 #24-93, El Poblado, Medellín, El Poblado, Medellín, Antioquia",'+5742621379,https://www.instagram.com/full_cars_col/?hl=es,
taller quinterautos,"Cra 44 #25-52, El Poblado, Medellín, El Poblado, Medellín, Antioquia",'+573113419777,https://www.instagram.com/taller_quinterautos/,
taller quinterautos,"Cra 44 #25-52, El Poblado, Medellín, El Poblado, Medellín, Antioquia",'+573113419777,https://www.instagram.com/taller_quinterautos/,
Ejes y Mofles,"Cl 10 #52-71, Guayabal, Medellín, Guayabal, Medellín, Antioquia",'+573012905028,https://www.instagram.com/ejesymofles/,https://www.facebook.com/ejesymofles/?locale=es_LA
Ejes y Mofles,"Cl 10 #52-71, Guayabal, Medellín, Guayabal, Medellín, Antioquia",'+573012905028,https://www.instagram.com/ejesymofles/,https://www.facebook.com/ejesymofles/?locale=es_LA
TALLER MECANICO JULIO BETANCUR,"Cra. 72 #28-24, Medellín, Belén, Medellín, Antioquia",'+5743379993,,
TALLER MECANICO JULIO BETANCUR,"Cra. 72 #28-24, Medellín, Belén, Medellín, Antioquia",'+5743379993,,
"taller electico de carros ""taller star""","Cl. 41 #44a-76 #44a-2 a, La Candelaria, Medellín, La Candelaria, Medellín, Antioquia",'+573012742805,,
"taller electico de carros ""taller star""","Cl. 41 #44a-76 #44a-2 a, La Candelaria, Medellín, La Candelaria, Medellín, Antioquia",'+573012742805,,
Remaires,"Av. 33 #63 - 101, Medellín, Belén, Medellín, Antioquia",'+573155066631,,https://www.facebook.com/profile.php?id=100067335782378
Remaires,"Av. 33 #63 - 101, Medellín, Belén, Medellín, Antioquia",'+573155066631,,https://www.facebook.com/profile.php?id=100067335782378
CAR Eléctricos el DIVINO,"Cra. 73 #42-33, Laureles - Estadio, Medellín, Laureles, Medellín, Antioquia",'+573192284386,,https://www.facebook.com/100067556791169
CAR Eléctricos el DIVINO,"Cra. 73 #42-33, Laureles - Estadio, Medellín, Laureles, Medellín, Antioquia",'+573192284386,,https://www.facebook.com/100067556791169
ANC Autos SAS,"Cra. 48 #30-24, La Candelaria, Medellín, La Candelaria, Medellín, Antioquia",'+573184330408,https://www.instagram.com/ancautos/,https://www.facebook.com/Ancautosmedellin
ANC Autos SAS,"Cra. 48 #30-24, La Candelaria, Medellín, La Candelaria, Medellín, Antioquia",'+573184330408,https://www.instagram.com/ancautos/,https://www.facebook.com/Ancautosmedellin
Taller Automotriz Ivan Sanchez,"Cra 79 #44 - 37, Los Pinos, Medellín, La América, Medellín, Antioquia",'+573103719809,https://www.instagram.com/tallerivaninfo/,
Taller Automotriz Ivan Sanchez,"Cra 79 #44 - 37, Los Pinos, Medellín, La América, Medellín, Antioquia",'+573103719809,https://www.instagram.com/tallerivaninfo/,
Sincroelectro,"Cra. 65 #41 - 26, Laureles - Estadio, Medellín, Laureles, Medellín, Antioquia",'+573122866082,https://www.instagram.com/comunidad_publicar/,https://www.facebook.com/ComunidadPublicar
Sincroelectro,"Cra. 65 #41 - 26, Laureles - Estadio, Medellín, Laureles, Medellín, Antioquia",'+573122866082,https://www.instagram.com/comunidad_publicar/,https://www.facebook.com/ComunidadPublicar
Full ejes Medellín,"Cra. 48 # 39-24, La Candelaria, Medellín, La Candelaria, Medellín, Antioquia",'+573016760173,https://www.instagram.com/elmagodesandiego,https://www.facebook.com/Multiservicios-4-ruedas-369883243792491/
MECÁNICO AUTOMOTRIZ DANY AUTOS,"Antioquia, Cl 44A #80 14, La Candelaria, Medellín, La Candelaria, Medellín, Antioquia",'+573113466493,https://www.instagram.com/elmagodesandiego,https://www.facebook.com/p/DANY-AUTOS-100047988893781/?locale=es_LA
Viking Garage Taller Automotriz 4x4,"Cra. 87 #37-75, Cristóbal, Medellín, La América, Medellín, Antioquia",'+5742949734,https://www.instagram.com/viking_garage_vg/,https://www.facebook.com/people/Viking-Garage-VG/100063706885689/
Viking Garage Taller Automotriz 4x4,"Cra. 87 #37-75, Cristóbal, Medellín, La América, Medellín, Antioquia",'+5742949734,https://www.instagram.com/viking_garage_vg/,https://www.facebook.com/people/Viking-Garage-VG/100063706885689/
Taller De Mecanica Automotriz,"Cl. 45A #64-11, Laureles - Estadio, Medellín, Laureles, Medellín, Antioquia",,https://www.instagram.com/elmagodesandiego,https://www.facebook.com/Multiservicios-4-ruedas-369883243792491/
TCA taller cajas automaticas,"Cl. 43 #6424, Laureles - Estadio, Medellín, Laureles, Medellín, Antioquia",'+573136101284,https://www.instagram.com/tallercajasautomaticas/,https://www.facebook.com/p/Taller-Cajas-Automaticas-100063446994408/?locale=es_LA
TCA taller cajas automaticas,"Cl. 43 #6424, Laureles - Estadio, Medellín, Laureles, Medellín, Antioquia",'+573136101284,https://www.instagram.com/tallercajasautomaticas/,https://www.facebook.com/p/Taller-Cajas-Automaticas-100063446994408/?locale=es_LA
Taller Romby - Ruta 4,"Cra. 53 # 36-27, La Candelaria, Medellín, La Candelaria, Medellín, Antioquia",'+576044735686,https://www.instagram.com/elmagodesandiego,https://www.facebook.com/Multiservicios-4-ruedas-369883243792491/
Taller Romby - Ruta 4,"Cra. 53 # 36-27, La Candelaria, Medellín, La Candelaria, Medellín, Antioquia",'+576044735686,https://www.instagram.com/elmagodesandiego,https://www.facebook.com/Multiservicios-4-ruedas-369883243792491/
Alma Lujos | Lujos y accesorios para vehiculos,"Cra. 58 #44a - 21, La Candelaria, Medellín, La Candelaria, Medellín, Antioquia",'+573004376500,https://www.instagram.com/alma_lujos/?hl=es,https://www.facebook.com/Multiservicios-4-ruedas-369883243792491/
Mecánico carros fabian,"Cl. 5 Sur #51A - 42, Guayabal, Medellín, Guayabal, Medellín, Antioquia",'+573245917908,https://www.instagram.com/fabian_turbo/?hl=es,https://www.facebook.com/Multiservicios-4-ruedas-369883243792491/
Mecánico carros fabian,"Cl. 5 Sur #51A - 42, Guayabal, Medellín, Guayabal, Medellín, Antioquia",'+573245917908,https://www.instagram.com/fabian_turbo/?hl=es,https://www.facebook.com/Multiservicios-4-ruedas-369883243792491/
Peritaje de vehiculos elperito.com,"Av. 33 #No. 64 - 144, Laureles - Estadio, Medellín, Laureles, Medellín, Antioquia",'+573223979090,https://www.instagram.com/bipbip_co/,https://www.facebook.com/elperitocom
Peritaje de vehiculos elperito.com,"Av. 33 #No. 64 - 144, Laureles - Estadio, Medellín, Laureles, Medellín, Antioquia",'+573223979090,https://www.instagram.com/bipbip_co/,https://www.facebook.com/elperitocom
Taller Koreautos,"Cra. 65 #74 - 26, Medellín, Castilla, Medellín, Antioquia",'+573002152637,https://www.instagram.com/comunidad_publicar/,https://www.facebook.com/ComunidadPublicar
Taller Koreautos,"Cra. 65 #74 - 26, Medellín, Castilla, Medellín, Antioquia",'+573002152637,https://www.instagram.com/comunidad_publicar/,https://www.facebook.com/ComunidadPublicar
Amortiteca Medellín S.A.S.,"Cra. 45 #38 - 12, La Candelaria, Medellín, La Candelaria, Medellín, Antioquia",'+573206827890,https://www.instagram.com/elmagodesandiego,https://www.facebook.com/profile.php?id=100069367786125
Amortiteca Medellín S.A.S.,"Cra. 45 #38 - 12, La Candelaria, Medellín, La Candelaria, Medellín, Antioquia",'+573206827890,https://www.instagram.com/elmagodesandiego,https://www.facebook.com/profile.php?id=100069367786125
Taller Nissan Medellín Nutibara,"Cra. 52 #30A-61, Medellín, Belén, Medellín, Antioquia",'+576043203190,https://www.instagram.com/nissancolombia/,https://www.facebook.com/NissanCOL
Taller Nissan Medellín Nutibara,"Cra. 52 #30A-61, Medellín, Belén, Medellín, Antioquia",'+576043203190,https://www.instagram.com/nissancolombia/,https://www.facebook.com/NissanCOL
Taller de Latonería y Pintura ProntoCAR,"Cl. 30A #69-146, Medellín, Belén, Medellín, Antioquia",'+573002077831,http://www.instagram.com/prontocar,https://www.facebook.com/Prontocar2/?locale=es_LA
Taller de Latonería y Pintura ProntoCAR,"Cl. 30A #69-146, Medellín, Belén, Medellín, Antioquia",'+573002077831,http://www.instagram.com/prontocar,https://www.facebook.com/Prontocar2/?locale=es_LA
CDA SAN JUAN CARROS Y MOTOS,"Av San Juan #69-13, Laureles - Estadio, Medellín, Laureles, Medellín, Antioquia",'+576044088793,https://www.instagram.com/cdasanjuan/?hl=es,https://www.facebook.com/people/CDA-SAN-JUAN-LA-AMERICA-LTDA/100063482233299
CDA SAN JUAN CARROS Y MOTOS,"Av San Juan #69-13, Laureles - Estadio, Medellín, Laureles, Medellín, Antioquia",'+576044088793,https://www.instagram.com/cdasanjuan/?hl=es,https://www.facebook.com/people/CDA-SAN-JUAN-LA-AMERICA-LTDA/100063482233299
SOMECAN Chuki Taller Automotriz,"Cra. 53 #64-45, La Candelaria, Medellín, La Candelaria, Medellín, Antioquia",'+573023672040,https://www.instagram.com/elmagodesandiego,https://www.facebook.com/Multiservicios-4-ruedas-369883243792491/
SOMECAN Chuki Taller Automotriz,"Cra. 53 #64-45, La Candelaria, Medellín, La Candelaria, Medellín, Antioquia",'+573023672040,https://www.instagram.com/elmagodesandiego,https://www.facebook.com/Multiservicios-4-ruedas-369883243792491/
AUTOS LUIS H,"Cl. 43 # 72-21, Laureles - Estadio, Medellín, Laureles, Medellín, Antioquia",'+573185972491,https://www.instagram.com/elmagodesandiego,https://www.facebook.com/autos.luish/
Taller El Mago de San Diego (Latoneria y Pintura),"Cra. 52 #1 - 83, Guayabal, Medellín, Guayabal, Medellín, Antioquia",'+573044767610,https://www.instagram.com/elmagodesandiego/?hl=es,https://www.facebook.com/elmagodesandiego
Taller El Mago de San Diego (Latoneria y Pintura),"Cra. 52 #1 - 83, Guayabal, Medellín, Guayabal, Medellín, Antioquia",'+573044767610,https://www.instagram.com/elmagodesandiego/?hl=es,https://www.facebook.com/elmagodesandiego
Taller mecánico Special Tools - Autolab,"Cra. 51 #60 -24, La Candelaria, Medellín, La Candelaria, Medellín, Antioquia",'+573009121133,https://www.instagram.com/tallerspecialtools/,https://www.facebook.com/tallerspecialtools/
Taller mecánico Special Tools - Autolab,"Cra. 51 #60 -24, La Candelaria, Medellín, La Candelaria, Medellín, Antioquia",'+573009121133,https://www.instagram.com/tallerspecialtools/,https://www.facebook.com/tallerspecialtools/
UNIQUE CARS,"Cl. 42 #71a-20, Laureles - Estadio, Medellín, Laureles, Medellín, Antioquia",'+573205577933,https://www.instagram.com/uniquecars.colombia/,https://www.facebook.com/p/Unique-Cars-Colombia-100063619566668/
UNIQUE CARS,"Cl. 42 #71a-20, Laureles - Estadio, Medellín, Laureles, Medellín, Antioquia",'+573205577933,https://www.instagram.com/uniquecars.colombia/,https://www.facebook.com/p/Unique-Cars-Colombia-100063619566668/
Hotclassic Garage,"Sector torres de bombona, Cra. 41 #46-54, La Candelaria, Medellín, La Candelaria, Medellín, Antioquia",'+573137328664,https://www.instagram.com/hotclassicgarage/?hl=es,https://www.facebook.com/hotclassicgarag/?locale=mt_MT
Todo Aires,"Cl. 43 # 68 A 13, Laureles - Estadio, Medellín, Laureles, Medellín, Antioquia",'+573005385119,https://www.instagram.com/todoairesmed/,https://www.facebook.com/todoairesmed/
Todo Aires,"Cl. 43 # 68 A 13, Laureles - Estadio, Medellín, Laureles, Medellín, Antioquia",'+573005385119,https://www.instagram.com/todoairesmed/,https://www.facebook.com/todoairesmed/
Mecticenter Taller Automotriz Sede Exposiciones,"Cra. 54 #36-20, La Candelaria, Medellín, La Candelaria, Medellín, Antioquia",'+573217929800,https://www.instagram.com/mecticenteroficial/,https://www.facebook.com/Mecticenter
MECÁNICO AUTOMOTRIZ DANY AUTOS,"Antioquia, Cl 44A #80 14, La Candelaria, Medellín, La Candelaria, Medellín, Antioquia",'+573113466493,https://instagram.com/tallerautoptimos?utm_medium=copy_link,https://www.facebook.com/p/DANY-AUTOS-100047988893781/?locale=es_LA
Loschamosautomotriz,"05002, El Poblado, Medellín",'+573014090254,https://instagram.com/tallerautoptimos?utm_medium=copy_link,https://www.facebook.com/Multiservicios-4-ruedas-369883243792491/
ANC Autos SAS,"Cra. 48 #30-24, La Candelaria, Medellín, La Candelaria, Medellín, Antioquia",'+573184330408,https://www.instagram.com/ancautos/,https://www.facebook.com/Ancautosmedellin
ANC Autos SAS,"Cra. 48 #30-24, La Candelaria, Medellín, La Candelaria, Medellín, Antioquia",'+573184330408,https://www.instagram.com/ancautos/,https://www.facebook.com/Ancautosmedellin
Taller de mecánica Automotriz Automecanicos,"Cra. 59 #48 113, La Candelaria, Medellín, La Candelaria, Medellín, Antioquia",'+573192450938,https://instagram.com/tallerautoptimos?utm_medium=copy_link,https://www.facebook.com/Multiservicios-4-ruedas-369883243792491/
Taller de mecánica Automotriz Automecanicos,"Cra. 59 #48 113, La Candelaria, Medellín, La Candelaria, Medellín, Antioquia",'+573192450938,https://instagram.com/tallerautoptimos?utm_medium=copy_link,https://www.facebook.com/Multiservicios-4-ruedas-369883243792491/
Taller Alvarautos - Ruta 4,"Cl. 35 #52-62, La Candelaria, Medellín, La Candelaria, Medellín, Antioquia",,https://instagram.com/tallerautoptimos?utm_medium=copy_link,https://www.facebook.com/Multiservicios-4-ruedas-369883243792491/
Taller Alvarautos - Ruta 4,"Cl. 35 #52-62, La Candelaria, Medellín, La Candelaria, Medellín, Antioquia",,https://instagram.com/tallerautoptimos?utm_medium=copy_link,https://www.facebook.com/Multiservicios-4-ruedas-369883243792491/
Amortiteca Medellín S.A.S.,"Cra. 45 #38 - 12, La Candelaria, Medellín, La Candelaria, Medellín, Antioquia",'+573206827890,https://instagram.com/tallerautoptimos?utm_medium=copy_link,https://www.facebook.com/profile.php?id=100069367786125
Amortiteca Medellín S.A.S.,"Cra. 45 #38 - 12, La Candelaria, Medellín, La Candelaria, Medellín, Antioquia",'+573206827890,https://instagram.com/tallerautoptimos?utm_medium=copy_link,https://www.facebook.com/profile.php?id=100069367786125
Taller mecánico Special Tools - Autolab,"Cra. 51 #60 -24, La Candelaria, Medellín, La Candelaria, Medellín, Antioquia",'+573009121133,https://www.instagram.com/tallerspecialtools/,https://www.facebook.com/tallerspecialtools/
Taller mecánico Special Tools - Autolab,"Cra. 51 #60 -24, La Candelaria, Medellín, La Candelaria, Medellín, Antioquia",'+573009121133,https://www.instagram.com/tallerspecialtools/,https://www.facebook.com/tallerspecialtools/
Taller Automotriz,"Cl. 43, Simón Bolívar, Medellín, La América, Medellín, Antioquia",,https://instagram.com/tallerautoptimos?utm_medium=copy_link,https://www.facebook.com/Multiservicios-4-ruedas-369883243792491/
Taller automotriz Hermanos Tua,"Cl. 79 #50c-92, Aranjuez, Medellín, Aranjuez, Medellín, Antioquia",'+573006989511,https://www.instagram.com/hermanostua/reels/,https://www.facebook.com/p/Taller-Hermanos-Tua-100083347298745/
Taller automotriz Hermanos Tua,"Cl. 79 #50c-92, Aranjuez, Medellín, Aranjuez, Medellín, Antioquia",'+573006989511,https://www.instagram.com/hermanostua/reels/,https://www.facebook.com/p/Taller-Hermanos-Tua-100083347298745/
Taller de Latonería y Pintura ProntoCAR,"Cl. 30A #69-146, Medellín, Belén, Medellín, Antioquia",'+573002077831,http://www.instagram.com/prontocar,https://www.facebook.com/Prontocar2/?locale=es_LA
Taller de Latonería y Pintura ProntoCAR,"Cl. 30A #69-146, Medellín, Belén, Medellín, Antioquia",'+573002077831,http://www.instagram.com/prontocar,https://www.facebook.com/Prontocar2/?locale=es_LA
"taller electico de carros ""taller star""","Cl. 41 #44a-76 #44a-2 a, La Candelaria, Medellín, La Candelaria, Medellín, Antioquia",'+573012742805,https://instagram.com/tallerautoptimos?utm_medium=copy_link,https://www.facebook.com/Multiservicios-4-ruedas-369883243792491/
"taller electico de carros ""taller star""","Cl. 41 #44a-76 #44a-2 a, La Candelaria, Medellín, La Candelaria, Medellín, Antioquia",'+573012742805,https://instagram.com/tallerautoptimos?utm_medium=copy_link,https://www.facebook.com/Multiservicios-4-ruedas-369883243792491/
Reparación y Mantenimiento de Cajas Automáticas | Solo Cajas Automáticas,"Cra. 51 #32140, La Candelaria, Medellín, La Candelaria, Medellín, Antioquia",'+573007489100,https://www.instagram.com/solocajasautomaticassca/,https://www.facebook.com/solocajasautomaticassca/
Reparación y Mantenimiento de Cajas Automáticas | Solo Cajas Automáticas,"Cra. 51 #32140, La Candelaria, Medellín, La Candelaria, Medellín, Antioquia",'+573007489100,https://www.instagram.com/solocajasautomaticassca/,https://www.facebook.com/solocajasautomaticassca/
Taller Auto Bompers,"Cl 44 #4483, La Candelaria, Medellín, La Candelaria, Medellín, Antioquia",'+573504452069,https://www.instagram.com/latasybompers/,https://www.facebook.com/latasybomperap/?locale=es_LA
Taller Auto Bompers,"Cl 44 #4483, La Candelaria, Medellín, La Candelaria, Medellín, Antioquia",'+573504452069,https://www.instagram.com/latasybompers/,https://www.facebook.com/latasybomperap/?locale=es_LA
Mecánica Autodom,"Cl. 53 #34-50, La Candelaria, Medellín, Villa Hermosa, Medellín, Antioquia",'+573107270411,https://www.instagram.com/p/CCOLcblH2s4/,https://www.facebook.com/autodom.medellin
Mecánica Autodom,"Cl. 53 #34-50, La Candelaria, Medellín, Villa Hermosa, Medellín, Antioquia",'+573107270411,https://www.instagram.com/p/CCOLcblH2s4/,https://www.facebook.com/autodom.medellin
Taller Autóptimo,"Calle 32c 65a 28 Belén, Medellín, Antioquia",'+573017529893,https://www.instagram.com/tecnicentroloscolores/?hl=es,https://m.facebook.com/story.php?story_fbid=230269935456644&id=109117590905213
Taller electricidad automotriz Gildardo,"Cra. 83B #31-77 Apto 301, Medellín, Belén, Medellín, Antioquia",'+573116455382,https://instagram.com/tallerautoptimos?utm_medium=copy_link,https://www.facebook.com/Multiservicios-4-ruedas-369883243792491/
Taller Automotriz Ivan Sanchez,"Cra 79 #44 - 37, Los Pinos, Medellín, La América, Medellín, Antioquia",'+573103719809,https://www.instagram.com/tallerivaninfo/,https://www.facebook.com/Multiservicios-4-ruedas-369883243792491/
Taller Automotriz Ivan Sanchez,"Cra 79 #44 - 37, Los Pinos, Medellín, La América, Medellín, Antioquia",'+573103719809,https://www.instagram.com/tallerivaninfo/,https://www.facebook.com/Multiservicios-4-ruedas-369883243792491/
Taller autos Óscar,"Cl 44 #91-32, El Danubio, Medellín, La América, Medellín, Antioquia",'+573207250793,https://instagram.com/tallerautoptimos?utm_medium=copy_link,https://www.facebook.com/Multiservicios-4-ruedas-369883243792491/
Taller autos Óscar,"Cl 44 #91-32, El Danubio, Medellín, La América, Medellín, Antioquia",'+573207250793,https://instagram.com/tallerautoptimos?utm_medium=copy_link,https://www.facebook.com/Multiservicios-4-ruedas-369883243792491/
Tecnicentro Serviautos,"Cra. 43C #61 sur 09, Sabaneta, Antioquia",'+576044487708,https://www.instagram.com/tecnicentroserviautos/?hl=es-la,https://m.facebook.com/TecnicentroServiautos/mentions/
Tecnicentro Serviautos,"Cra. 43C #61 sur 09, Sabaneta, Antioquia",'+576044487708,https://www.instagram.com/tecnicentroserviautos/?hl=es-la,https://m.facebook.com/TecnicentroServiautos/mentions/
Taller Autoperez,"Cra. 48 # 39-42, La Candelaria, Medellín, La Candelaria, Medellín, Antioquia",'+573122621737,https://www.instagram.com/autoperez/,https://www.facebook.com/Tallerautoperez/?locale=es_LA
Full ejes Medellín,"Cra. 48 # 39-24, La Candelaria, Medellín, La Candelaria, Medellín, Antioquia",'+573016760173,,
Multicar San Lucas,"Carulla San Lucas, Cl. 20 Sur #27-124, El Poblado, Medellín, El Poblado, Medellín, Antioquia",'+573108396898,https://www.instagram.com/multicar.sas/,https://www.facebook.com/MulticarMedellin/
Banco de prueba MAZDACAR,"Cl. 26a #43F - 64, El Poblado, Medellín, El Poblado, Medellín, Antioquia",'+574084798,,
Banco de prueba MAZDACAR,"Cl. 26a #43F - 64, El Poblado, Medellín, El Poblado, Medellín, Antioquia",'+574084798,,
Taller auto JP,"Cl. 68 #48a-40, Aranjuez, Medellín, Aranjuez, Medellín, Antioquia",'+573113096852,https://www.instagram.com/reel/DGniEmupVfg/,https://www.facebook.com/p/Taller-AUTO-JP-100067485709323/
TALLER DARIAUTOS,"Cra. 54A #29C-42, Guayabal, Medellín, Guayabal, Medellín, Antioquia",'+5743512047,,https://m.facebook.com/tallerdariautos/about/
Taller De Carros Leon,"Nazaret, San Cristóbal, Medellín, Antioquia",,https://www.instagram.com/hotclassicgarage/?hl=es,
Taller De Carros Leon,"Nazaret, San Cristóbal, Medellín, Antioquia",,https://www.instagram.com/hotclassicgarage/?hl=es,
Morautos,"Cl. 32 #83 15, Medellín, Belén, Medellín, Antioquia",'+573233008733,,
Morautos,"Cl. 32 #83 15, Medellín, Belén, Medellín, Antioquia",'+573233008733,,
Taller Nissan Medellín Nutibara,"Cra. 52 #30A-61, Medellín, Belén, Medellín, Antioquia",'+576043203190,https://www.instagram.com/nissancolombia/,https://www.facebook.com/NissanCOL
Taller Nissan Medellín Nutibara,"Cra. 52 #30A-61, Medellín, Belén, Medellín, Antioquia",'+576043203190,https://www.instagram.com/nissancolombia/,https://www.facebook.com/NissanCOL
CARSYSTEM,"Cl. 25A #43B - 161, El Poblado, Medellín, El Poblado, Medellín, Antioquia",'+5744488114,,
CARSYSTEM,"Cl. 25A #43B - 161, El Poblado, Medellín, El Poblado, Medellín, Antioquia",'+5744488114,,
DAUTO,"Cl. 43 #72-80, Laureles - Estadio, Medellín, Laureles, Medellín, Antioquia",'+573147393660,https://www.instagram.com/dautotaller/,
DAUTO,"Cl. 43 #72-80, Laureles - Estadio, Medellín, Laureles, Medellín, Antioquia",'+573147393660,https://www.instagram.com/dautotaller/,
Servicentro Automotriz Caliche,"Calle 44 #44-47, Medellín, Antioquia, Medellín, Antioquía",'+573138560049,https://www.instagram.com/claudia.odonto/,https://www.facebook.com/servicentroautomotrizoficial/?locale=ga_IE
Taller Tecno Max Desing Auto Sura,"Cl 36 #4530, La Candelaria, Medellín, La Candelaria, Medellín, Antioquia",'+573053341626,,
Taller Tecno Max Desing Auto Sura,"Cl 36 #4530, La Candelaria, Medellín, La Candelaria, Medellín, Antioquia",'+573053341626,,
Taller AUTOZONE EXPRESS Colision Y Spa,"Cra. 52 #35-52, La Candelaria, Medellín, La Candelaria, Medellín, Antioquia",,,https://www.facebook.com/p/Autozone-Express-Collision-y-Spa-100064629261392/
Taller AUTOZONE EXPRESS Colision Y Spa,"Cra. 52 #35-52, La Candelaria, Medellín, La Candelaria, Medellín, Antioquia",,,https://www.facebook.com/p/Autozone-Express-Collision-y-Spa-100064629261392/
Taller Autorizado,"Cra. 31 #4143, Buenos Aires, Medellín, Buenos Aires, Medellín, Antioquia",'+573137175375,,
Taller Electricidad Automotriz Ab Autos,"Cra. 46 #3223, La Candelaria, Medellín, La Candelaria, Medellín, Antioquia",'+5743817100,,
taller y almacen mazdautos,"Cl 34, La Candelaria, Medellín, La Candelaria, Medellín, Antioquia",'+5744482326,,https://www.facebook.com/talleralmacenmazdautos/?locale=es_LA
taller y almacen mazdautos,"Cl 34, La Candelaria, Medellín, La Candelaria, Medellín, Antioquia",'+5744482326,,https://www.facebook.com/talleralmacenmazdautos/?locale=es_LA
TALLER MECANICO,"Cl. 3 Sur #50 G 14, Guayabal, Medellín, Guayabal, Medellín, Antioquia",'+5742851488,,
Hotclassic Garage,"Sector torres de bombona, Cra. 41 #46-54, La Candelaria, Medellín, La Candelaria, Medellín, Antioquia",'+573137328664,https://www.instagram.com/hotclassicgarage/?hl=es,https://www.facebook.com/hotclassicgarag/?locale=mt_MT
"Taller Frenos La 71, Medellín","Cl. 71 #50a-82, Aranjuez, Medellín, Aranjuez, Medellín, Antioquia",'+573015014153,,https://www.facebook.com/TallerFrenosLa71/?locale=es_LA
MYV SERVICE CAR SAS,"Cl 10 #52-101, Guayabal, Medellín, Guayabal, Medellín, Antioquia",,,
MYV SERVICE CAR SAS,"Cl 10 #52-101, Guayabal, Medellín, Guayabal, Medellín, Antioquia",,,
Mecticenter Taller Automotriz Sede Exposiciones,"Cra. 54 #36-20, La Candelaria, Medellín, La Candelaria, Medellín, Antioquia",'+573217929800,https://www.instagram.com/mecticenteroficial/,https://www.facebook.com/Mecticenter
Multicar San Lucas,"Carulla San Lucas, Cl. 20 Sur #27-124, El Poblado, Medellín, El Poblado, Medellín, Antioquia",'+573108396898,https://www.instagram.com/multicar.sas/,https://www.facebook.com/MulticarMedellin/
Autos SURA Medellín - Mall Río 10,"Cl 10 #50-347, Guayabal, Medellín, Guayabal, Medellín, Antioquia",'+576044378888888,https://instagram.com/eltallermedellin?igshid=YmMyMTA2M2Y=,
Autos SURA Medellín - Mall Río 10,"Cl 10 #50-347, Guayabal, Medellín, Guayabal, Medellín, Antioquia",'+576044378888888,https://instagram.com/eltallermedellin?igshid=YmMyMTA2M2Y=,
Taller de reparación de automóviles,"Cra. 79AA #44A-28, Los Pinos, Medellín, La América, Medellín, Antioquia",'+573128605712,https://instagram.com/eltallermedellin?igshid=YmMyMTA2M2Y=,
Ajustev s.a.s,"Cl. 31 #43A-72, La Candelaria, Medellín, La Candelaria, Medellín, Antioquia",'+576043817777,https://www.instagram.com/ajustevcolombia/?hl=es,https://www.facebook.com/ajustevcolombia
Ajustev s.a.s,"Cl. 31 #43A-72, La Candelaria, Medellín, La Candelaria, Medellín, Antioquia",'+576043817777,https://www.instagram.com/ajustevcolombia/?hl=es,https://www.facebook.com/ajustevcolombia
Taller Electrico Automotríz,"Cl 44A #58-39, La Candelaria, Medellín, La Candelaria, Medellín, Antioquia",'+5745335280,https://instagram.com/eltallermedellin?igshid=YmMyMTA2M2Y=,
Taller de autos,"Cl. 32 #87a 78, Medellín, Belén, Medellín, Antioquia",,https://instagram.com/eltallermedellin?igshid=YmMyMTA2M2Y=,
Taller de autos,"Cl. 32 #87a 78, Medellín, Belén, Medellín, Antioquia",,https://instagram.com/eltallermedellin?igshid=YmMyMTA2M2Y=,
Carsolution,"Cra. 45 #41 A-38, La Candelaria, Medellín, La Candelaria, Medellín, Antioquia",'+573024014418,https://www.instagram.com/car.solu/?hl=es-la,https://www.facebook.com/carsolutionserv
Carsolution,"Cra. 45 #41 A-38, La Candelaria, Medellín, La Candelaria, Medellín, Antioquia",'+573024014418,https://www.instagram.com/car.solu/?hl=es-la,https://www.facebook.com/carsolutionserv
Taller Carlos Mario Londoño,"Cl. 43a #65-76, Laureles - Estadio, Medellín, Laureles, Medellín, Antioquia",'+572302302,https://instagram.com/eltallermedellin?igshid=YmMyMTA2M2Y=,
Taller Carlos Mario Londoño,"Cl. 43a #65-76, Laureles - Estadio, Medellín, Laureles, Medellín, Antioquia",'+572302302,https://instagram.com/eltallermedellin?igshid=YmMyMTA2M2Y=,
SUPERDIP SAS,"Cra. 45 #30-2, La Candelaria, Medellín, La Candelaria, Medellín, Antioquia",'+573195454032,https://www.instagram.com/superdip_medellin/?hl=es,https://www.facebook.com/p/SuperDip-SAS-100076411111170/?locale=es_LA
SUPERDIP SAS,"Cra. 45 #30-2, La Candelaria, Medellín, La Candelaria, Medellín, Antioquia",'+573195454032,https://www.instagram.com/superdip_medellin/?hl=es,https://www.facebook.com/p/SuperDip-SAS-100076411111170/?locale=es_LA
TALLER DE MECÁNICA AUTOMOTRIZ,"Cl. 71, Aranjuez, Medellín, Aranjuez, Medellín, Antioquia",,https://instagram.com/eltallermedellin?igshid=YmMyMTA2M2Y=,
El Taller Medellín,"Carrera 44, Av. Niquitao #41 A - 62, Medellín, Antioquia",'+573164317678,https://www.instagram.com/eltaller.co/?hl=es,https://www.facebook.com/eltallermedellin/
El Taller Medellín,"Carrera 44, Av. Niquitao #41 A - 62, Medellín, Antioquia",'+573164317678,https://www.instagram.com/eltaller.co/?hl=es,https://www.facebook.com/eltallermedellin/
CAR Eléctricos el DIVINO,"Cra. 73 #42-33, Laureles - Estadio, Medellín, Laureles, Medellín, Antioquia",'+573192284386,https://instagram.com/eltallermedellin?igshid=YmMyMTA2M2Y=,https://www.facebook.com/100067556791169
CAR Eléctricos el DIVINO,"Cra. 73 #42-33, Laureles - Estadio, Medellín, Laureles, Medellín, Antioquia",'+573192284386,https://instagram.com/eltallermedellin?igshid=YmMyMTA2M2Y=,https://www.facebook.com/100067556791169
Autoland Taller Ford,"Cl. 31 #43A-03, La Candelaria, Medellín, La Candelaria, Medellín, Antioquia",'+573330333745,https://www.instagram.com/autolandcolombia,https://www.facebook.com/autolandcolombia/
Autoland Taller Ford,"Cl. 31 #43A-03, La Candelaria, Medellín, La Candelaria, Medellín, Antioquia",'+573330333745,https://www.instagram.com/autolandcolombia,https://www.facebook.com/autolandcolombia/
Reencauchadora Hercules s.a,"Av. Palacé #32-211, La Candelaria, Medellín, La Candelaria, Medellín, Antioquia",'+5742320100,https://instagram.com/eltallermedellin?igshid=YmMyMTA2M2Y=,https://www.facebook.com/Reencauchadorahercules/?locale=es_LA
Reencauchadora Hercules s.a,"Av. Palacé #32-211, La Candelaria, Medellín, La Candelaria, Medellín, Antioquia",'+5742320100,https://instagram.com/eltallermedellin?igshid=YmMyMTA2M2Y=,https://www.facebook.com/Reencauchadorahercules/?locale=es_LA
Taller Automotriz Nebraska,"Cra. 73 #51a10, Laureles - Estadio, Medellín, Laureles, Medellín, Antioquia",'+5742601303,https://instagram.com/eltallermedellin?igshid=YmMyMTA2M2Y=,
ANDAR - Taller Sabaneta,"Cl. 60 Sur #44 #57, Medellín, Sabaneta, Antioquia",'+576044440800,https://instagram.com/eltallermedellin?igshid=YmMyMTA2M2Y=,
ANDAR - Taller Sabaneta,"Cl. 60 Sur #44 #57, Medellín, Sabaneta, Antioquia",'+576044440800,https://instagram.com/eltallermedellin?igshid=YmMyMTA2M2Y=,
Taller Automotriz AB,"Cl. 41 #N° 48 - 22, La Candelaria, Medellín, La Candelaria, Medellín, Antioquia",'+573145287285,https://www.instagram.com/ab_tallerautomotriz,
TALLER AUTOMOTRIZ,"Cra. 50B #67-58, Aranjuez, Medellín, Aranjuez, Medellín, Antioquia",'+573152842953,https://instagram.com/eltallermedellin?igshid=YmMyMTA2M2Y=,
Mecánica y Electricidad VILLAMIZAR,"Cra. 64c #75B-39, Medellín, Castilla, Medellín, Antioquia",'+573024335968,https://instagram.com/eltallermedellin?igshid=YmMyMTA2M2Y=,
Full ejes Medellín,"Cra. 48 # 39-24, La Candelaria, Medellín, La Candelaria, Medellín, Antioquia",'+573016760173,,https://www.facebook.com/tallerautomotrizhmg
Multicar San Lucas,"Carulla San Lucas, Cl. 20 Sur #27-124, El Poblado, Medellín, El Poblado, Medellín, Antioquia",'+573108396898,https://www.instagram.com/multicar.sas/,https://www.facebook.com/MulticarMedellin/
Taller de Mecánica La 37,"Cra. 37 #43120, Medellín, Buenos Aires, Medellín, Antioquia",'+5742399562,,https://www.facebook.com/tallerautomotrizhmg
MECANICA AUTOMOTRIZ,"Cl. 88 #4511, Aranjuez, Medellín, Aranjuez, Medellín, Antioquia",,,https://www.facebook.com/tallerautomotrizhmg
MECANICA AUTOMOTRIZ,"Cl. 88 #4511, Aranjuez, Medellín, Aranjuez, Medellín, Antioquia",,,https://www.facebook.com/tallerautomotrizhmg
Taller CG Multiautos,"Cra. 46 # 38-30, La Candelaria, Medellín, La Candelaria, Medellín, Antioquia",'+573206979550,,https://www.facebook.com/tallerautomotrizhmg
Taller CG Multiautos,"Cra. 46 # 38-30, La Candelaria, Medellín, La Candelaria, Medellín, Antioquia",'+573206979550,,https://www.facebook.com/tallerautomotrizhmg
Almacen y Taller El Voltio,"Cra. 44 #112 #64 sur, Sabaneta, Antioquia",'+5742885013,,https://www.facebook.com/tallerautomotrizhmg
AUTOSCARD,"Cra. 44 #67 Sur - 42, Sabaneta, Antioquia",'+5743015853,,https://www.facebook.com/tallerautomotrizhmg
AUTOSCARD,"Cra. 44 #67 Sur - 42, Sabaneta, Antioquia",'+5743015853,,https://www.facebook.com/tallerautomotrizhmg
RACORES Y PARTES SAS MEDELLIN,"Cra. 60 #44a 17, La Candelaria, Medellín, La Candelaria, Medellín, Antioquia",'+573104482569,,https://www.facebook.com/p/Racores-y-Partes-SAS-100086970492416/
RACORES Y PARTES SAS MEDELLIN,"Cra. 60 #44a 17, La Candelaria, Medellín, La Candelaria, Medellín, Antioquia",'+573104482569,,https://www.facebook.com/p/Racores-y-Partes-SAS-100086970492416/
Remaires,"Av. 33 #63 - 101, Medellín, Belén, Medellín, Antioquia",'+573155066631,,https://www.facebook.com/profile.php?id=100067335782378
Remaires,"Av. 33 #63 - 101, Medellín, Belén, Medellín, Antioquia",'+573155066631,,https://www.facebook.com/profile.php?id=100067335782378
MAXILUJOS,"Cl. 39 #51-26, La Candelaria, Medellín, La Candelaria, Medellín, Antioquia",'+573154816831,https://www.instagram.com/maxilujos/?hl=es,https://www.facebook.com/p/Neon-Flex-Colombia-100090446379447
MAXILUJOS,"Cl. 39 #51-26, La Candelaria, Medellín, La Candelaria, Medellín, Antioquia",'+573154816831,https://www.instagram.com/maxilujos/?hl=es,https://www.facebook.com/p/Neon-Flex-Colombia-100090446379447
Taller HAMG,"Calle 119a #64bb03, Cl 119A, Medellín, Antioquia",'+573147411200,,https://www.facebook.com/MaunaHandpan/?locale=es_LA
Taller HAMG,"Calle 119a #64bb03, Cl 119A, Medellín, Antioquia",'+573147411200,,https://www.facebook.com/MaunaHandpan/?locale=es_LA
MAKROLUJOS - La Bayadera,"La Bayadera, Cra. 52 #39-91, La Candelaria, Medellín, La Candelaria, Medellín, Antioquia",'+573216437297,https://www.instagram.com/makrolujos/,https://www.facebook.com/makrolujos/?locale=es_LA
MAKROLUJOS - La Bayadera,"La Bayadera, Cra. 52 #39-91, La Candelaria, Medellín, La Candelaria, Medellín, Antioquia",'+573216437297,https://www.instagram.com/makrolujos/,https://www.facebook.com/makrolujos/?locale=es_LA
AMORTIGUADORES PALACÉ,"Cra. 48 #39-59, La Candelaria, Medellín, La Candelaria, Medellín, Antioquia",'+573042040801,https://www.instagram.com/amortiguadorespalace/reel/Cgmbp4QDmIl/,https://www.facebook.com/AmortiguadoresPalace/?locale=es_LA
AMORTIGUADORES PALACÉ,"Cra. 48 #39-59, La Candelaria, Medellín, La Candelaria, Medellín, Antioquia",'+573042040801,https://www.instagram.com/amortiguadorespalace/reel/Cgmbp4QDmIl/,https://www.facebook.com/AmortiguadoresPalace/?locale=es_LA
Banco de prueba Taller Orion,"Cra. 46 #35 - 23, La Candelaria, Medellín, La Candelaria, Medellín, Antioquia",'+573012391854,https://www.instagram.com/reel/DC1uGtaCJFH/,https://www.facebook.com/p/Taller-Banco-de-Prueba-ORION-100091832391582/
Banco de prueba Taller Orion,"Cra. 46 #35 - 23, La Candelaria, Medellín, La Candelaria, Medellín, Antioquia",'+573012391854,https://www.instagram.com/reel/DC1uGtaCJFH/,https://www.facebook.com/p/Taller-Banco-de-Prueba-ORION-100091832391582/
FIBRAUTOCAR,"Cl. 40a #52-37, La Candelaria, Medellín, La Candelaria, Medellín, Antioquia",'+5742610548,https://www.instagram.com/fibrasylujosleo/?hl=es,https://www.facebook.com/tallerautomotrizhmg
FIBRAUTOCAR,"Cl. 40a #52-37, La Candelaria, Medellín, La Candelaria, Medellín, Antioquia",'+5742610548,https://www.instagram.com/fibrasylujosleo/?hl=es,https://www.facebook.com/tallerautomotrizhmg
Taller Electrico Automotríz,"Cl 44A #58-39, La Candelaria, Medellín, La Candelaria, Medellín, Antioquia",'+5745335280,,https://www.facebook.com/tallerautomotrizhmg
Electriautomotriz 2018,"Cra. 50 #60-40, La Candelaria, Medellín, La Candelaria, Medellín, Antioquia",'+573128100158,,https://www.facebook.com/tallerautomotrizhmg
Electriautomotriz 2018,"Cra. 50 #60-40, La Candelaria, Medellín, La Candelaria, Medellín, Antioquia",'+573128100158,,https://www.facebook.com/tallerautomotrizhmg
CDA SAN JUAN CARROS Y MOTOS,"Av San Juan #69-13, Laureles - Estadio, Medellín, Laureles, Medellín, Antioquia",'+576044088793,https://www.instagram.com/cdasanjuan/?hl=es,https://www.facebook.com/people/CDA-SAN-JUAN-LA-AMERICA-LTDA/100063482233299
CDA SAN JUAN CARROS Y MOTOS,"Av San Juan #69-13, Laureles - Estadio, Medellín, Laureles, Medellín, Antioquia",'+576044088793,https://www.instagram.com/cdasanjuan/?hl=es,https://www.facebook.com/people/CDA-SAN-JUAN-LA-AMERICA-LTDA/100063482233299
Ayurauto Taller Repuestos Subaru DFSK GWM Medellin,"Cra 43G #27-36, El Poblado, Medellín, El Poblado, Medellín, Antioquia",'+573229462665,https://www.instagram.com/ayurauto/,https://www.facebook.com/people/Ayurauto/61564311356892/
Ayurauto Taller Repuestos Subaru DFSK GWM Medellin,"Cra 43G #27-36, El Poblado, Medellín, El Poblado, Medellín, Antioquia",'+573229462665,https://www.instagram.com/ayurauto/,https://www.facebook.com/people/Ayurauto/61564311356892/
JJ Mekatronix Taller mecánico y eléctrico automotriz,"Cl. 9 Sur #60-23, Guayabal, Medellín, Guayabal, Medellín, Antioquia",,,https://www.facebook.com/electroautomotor/
Parabrisas Medellín,"Cra. 65A #30a-11, Medellín, Belén, Medellín, Antioquia",'+573005148319,https://www.instagram.com/parabrisasmedellin,https://www.facebook.com/tallerautomotrizhmg
Parabrisas Medellín,"Cra. 65A #30a-11, Medellín, Belén, Medellín, Antioquia",'+573005148319,https://www.instagram.com/parabrisasmedellin,https://www.facebook.com/tallerautomotrizhmg
Taller Mecanico,"El Poblado, Medellín, El Poblado, Medellín, Antioquia",'+573137132963,,https://www.facebook.com/tallerautomotrizhmg
MECÁNICO AUTOMOTRIZ DANY AUTOS,"Antioquia, Cl 44A #80 14, La Candelaria, Medellín, La Candelaria, Medellín, Antioquia",'+573113466493,,https://www.facebook.com/p/DANY-AUTOS-100047988893781/?locale=es_LA
Multicar San Lucas,"Carulla San Lucas, Cl. 20 Sur #27-124, El Poblado, Medellín, El Poblado, Medellín, Antioquia",'+573108396898,https://www.instagram.com/multicar.sas/,https://www.facebook.com/MulticarMedellin/
Ayurauto Taller Repuestos Subaru DFSK GWM Medellin,"Cra 43G #27-36, El Poblado, Medellín, El Poblado, Medellín, Antioquia",'+573229462665,https://www.instagram.com/ayurauto/,https://www.facebook.com/people/Ayurauto/61564311356892/
CDA SAN JUAN CARROS Y MOTOS,"Av San Juan #69-13, Laureles - Estadio, Medellín, Laureles, Medellín, Antioquia",'+576044088793,https://www.instagram.com/cdasanjuan/?hl=es,https://www.facebook.com/people/CDA-SAN-JUAN-LA-AMERICA-LTDA/100063482233299
JJ Mekatronix Taller mecánico y eléctrico automotriz,"Cl. 9 Sur #60-23, Guayabal, Medellín, Guayabal, Medellín, Antioquia",,,https://www.facebook.com/electroautomotor/
Parabrisas Medellín,"Cra. 65A #30a-11, Medellín, Belén, Medellín, Antioquia",'+573005148319,https://www.instagram.com/parabrisasmedellin,
Taller Mecanico,"El Poblado, Medellín, El Poblado, Medellín, Antioquia",'+573137132963,,
Taller especializado Honda,"Cra. 65 # 34 - 160, Laureles - Estadio, Medellín, Laureles, Medellín, Antioquia",'+573137498747,,
Taller de Autos Básica,"Cra. 48 #66b Sur101, Sabaneta, Antioquia",'+5744440244,https://www.instagram.com/cuidauto_taller/,
ALMACEN Y TALLER CENTRO LADA,"Cl. 103c #66-110, Girardot, Medellín, Castilla, Medellín, Antioquia",'+573117839512,,
Peritaje de vehiculos elperito.com,"Av. 33 #No. 64 - 144, Laureles - Estadio, Medellín, Laureles, Medellín, Antioquia",'+573223979090,https://www.instagram.com/bipbip_co/,https://www.facebook.com/elperitocom
Autolab- Sede Centro Multimarcas,"Cra. 111 #90-40, Veinte De Julio, Medellín, San Javier, Medellín, Antioquia",,https://www.instagram.com/autolab.oficial/?hl=es,
Mecanico,"Cl. 101b #73a134, Pedregal, Medellín, Doce de Octubre, Medellín, Antioquia",,,
AutoGlass Exposiciones,"Cra. 52 #32-50, Exposiciones, Medellín, La Candelaria, Medellín, Antioquia",'+573009125222,https://instagram.com/autoglasscolombia,https://www.facebook.com/autoglasscolombia/
Puesta a punto motos y carros COMPUGASES,"Cl. 80 #51C 19, Aranjuez, Medellín, Aranjuez, Medellín, Antioquia",'+573006209890,https://www.instagram.com/luces_led_compugases/,https://m.facebook.com/Compugases/about/
Mecánico automotriz,"Calle 64 bc Carrera 103 #169, La América, Medellín, La América, Medellín, Antioquia",'+573004166436,,
Alma Lujos | Lujos y accesorios para vehiculos,"Cra. 58 #44a - 21, La Candelaria, Medellín, La Candelaria, Medellín, Antioquia",'+573004376500,https://www.instagram.com/alma_lujos/?hl=es,
Lujos el Trapiche,"Cra. 52 #38 - 58, La Candelaria, Medellín, La Candelaria, Medellín, Antioquia",'+576042323373,https://www.instagram.com/lujoseltrapiche/?hl=es,https://www.facebook.com/lujoseltrapichemedellin/
"MARCACION DE CARROS Y MOTOS, REPARACION Y VENTAS DE EJES","Cl. 65 #52-27, La Candelaria, Medellín, La Candelaria, Medellín, Antioquia",'+5744488089,,
Mecánica Automotriz Especializada JDH,"Cl. 42 #N° 44a - 37, La Candelaria, Medellín, La Candelaria, Medellín, Antioquia",'+573107270183,https://www.instagram.com/jsdautomotriz/?hl=es,
Unifrenos Frenos y Suspensiones,"Cl 44 #69-64, Laureles - Estadio, Medellín, Laureles, Medellín, Antioquia",'+576042600853,https://www.instagram.com/unifrenos_medellin/,https://www.facebook.com/profile.php?id=61571970046194
MECÁNICO AUTOMOTRIZ DANY AUTOS,"Antioquia, Cl 44A #80 14, La Candelaria, Medellín, La Candelaria, Medellín, Antioquia",'+573113466493,,https://www.facebook.com/p/DANY-AUTOS-100047988893781/?locale=es_LA
JM AUTOS taller,"Puente la asomadera, 05000, Medellín, Antioquia",'+573014253561,https://www.instagram.com/jm_autos_taller/reel/CzcWOvQr2Dz/,https://www.facebook.com/profile.php?id=61571970046194
OK Group - Baterias a domicilio Medellin,"Calle 34 #80c17, Cl. 34 #37, Medellín, Medellin, Antioquia",'+573043109330,,https://www.facebook.com/profile.php?id=61571970046194
TODO RINES Y LLANTAS - Calle 44 59-68 Local principal,"Calle 44, Av San Juan #59-68, Medellín, Antioquia",'+573146385481,https://www.instagram.com/todorines_/?hl=es-la,https://www.facebook.com/todorinesyllantasmedellin
Turbo Taller Del Norte,"Cl. 49 #44 - 32, Panamericano, Bello, Medellín, La Candelaria, Bello, Antioquia",'+573244478178,,https://www.facebook.com/profile.php?id=61571970046194
Pintura Automotriz,"Cra 52 &, Cl. 13A Sur, Medellín, Antioquia",,https://www.instagram.com/elmagodesandiego/?hl=es,https://www.facebook.com/profile.php?id=61571970046194
Moto Mendez Taller 2t 4t,"Cra. 46A #71 sur 17, Sabaneta, Antioquia",'+573113647664,,https://www.facebook.com/tallerdemotos.mendez/?locale=es_LA
Llantas Juanbé,"La Candelaria, Medellín, La Candelaria, Medellín, Antioquia",,https://www.instagram.com/juanbesandiego/?hl=es,https://www.facebook.com/profile.php?id=61571970046194
TALLER AUTONIZA ENVIGADO,"Cl. 49 Sur #43a - 241 43aZona, La Candelaria, 8Envigado, Medellín, La Candelaria, Medellín, Antioquia",,,https://www.facebook.com/profile.php?id=61571970046194
Tato Glass Parabrisas y Elevavidrios,"Cl. 40 #4618, La Candelaria, Medellín, La Candelaria, Medellín, Antioquia",'+573155035954,https://www.instagram.com/tatoglass4618,https://www.facebook.com/profile.php?id=61571970046194
"Talleres de frenos, electricos carros","Carrera 53 #64A 38La Candelaria, La Candelaria, Medellín, Antioquia",,,https://www.facebook.com/profile.php?id=61571970046194
Repuestos de Segunda Para Carro Don Diego,"Cl. 48 #5717, La Candelaria, Medellín, La Candelaria, Medellín, Antioquia",'+573164365150,,https://www.facebook.com/profile.php?id=61571970046194
Camper cross taller de motocicletas,"Cra. 46 #4054, La Candelaria, Medellín, La Candelaria, Medellín, Antioquia",'+573004248738,https://www.instagram.com/campercrosstaller/,https://www.facebook.com/Campercrosstaller/?locale=es_LA
Hyundai Almacén de Repuestos y Taller,"Cl. 31 #43a16, La Candelaria, Medellín, La Candelaria, Medellín, Antioquia",'+573229446440,,https://www.facebook.com/profile.php?id=61571970046194
Taller Honda World,"Cl. 39 #52-93, La Candelaria, Medellín, La Candelaria, Medellín, Antioquia",'+573008946141,,https://www.facebook.com/profile.php?id=61571970046194
Samani Carro Taller,"calle 7 sur #34 este a 82, Medellín, Paisandu, Santa Elena, Medellín, Antioquia",'+573193330619,https://www.instagram.com/nicomeca.nico/,https://www.facebook.com/profile.php?id=61571970046194
Mecánico a domicilio,"Cl. 59 #19-06, Medellín, Villa Hermosa, Medellín, Antioquia",'+573225389589,,https://www.facebook.com/profile.php?id=61571970046194
Taller Girautos,"25 50, Medellín, Antioquia",,,https://www.facebook.com/profile.php?id=61571970046194
Artico Aires y Sonido (aire acondicionado automotriz),"Cra. 65 #30 A 65, Medellín, Belén, Medellín, Antioquia",'+573059379089,https://www.instagram.com/articoairesysonido,https://www.facebook.com/articoaires/
TORK AUTOMOTRIZ SAS,"Cl. 64a #52-20, La Candelaria, Medellín, La Candelaria, Medellín, Antioquia",'+573053169153,,https://www.facebook.com/profile.php?id=61571970046194
Taller Tecnimotores,"Por todo el palo antes de cruzar a San Juan, Cra. 45 #43 - 43, La Candelaria, Medellín, La Candelaria, Medellín, Antioquia",'+573206688806,https://www.instagram.com/comunidad_publicar/,https://www.facebook.com/people/Taller-Tecnimotores/100077596248602/
MECÁNICO AUTOMOTRIZ DANY AUTOS,"Antioquia, Cl 44A #80 14, La Candelaria, Medellín, La Candelaria, Medellín, Antioquia",'+573113466493,https://www.instagram.com/parqueaderoylavaderoavcolombia/profilecard/?igsh=MXUwMTlvM2Q5M2pzOA==,https://www.facebook.com/p/DANY-AUTOS-100047988893781/?locale=es_LA
Unifrenos Frenos y Suspensiones,"Cl 44 #69-64, Laureles - Estadio, Medellín, Laureles, Medellín, Antioquia",'+576042600853,https://www.instagram.com/unifrenos_medellin/,
"Max speed repuestos y taller, monta llantas","Las Vegas, Sabaneta, Antioquia",'+573117338997,https://www.instagram.com/reel/DGqqeE9PnHX/,
CHUPO PAINT,"Av. 33 #65-68, Laureles - Estadio, Medellín, Laureles, Medellín, Antioquia",'+573245265279,https://www.instagram.com/chupopaint/?hl=es,https://www.facebook.com/ChupoPaintCustomPaint/?locale=es_LA
Dentlesssolutions,"La Candelaria, Medellín, La Candelaria, Medellín, Antioquia",'+573116650051,https://www.instagram.com/dentless.solutions/?locale=zh_CN&hl=bg,https://www.facebook.com/dentless.solutions/
Taller Mecánico,"Dg. 85 #79C-75, El Diamante, Medellín, Robledo, Medellín, Antioquia",,https://www.instagram.com/parqueaderoylavaderoavcolombia/profilecard/?igsh=MXUwMTlvM2Q5M2pzOA==,
Taller Servites,"Cra. 50 #52 08, La Candelaria, Medellín, La Candelaria, Medellín, Antioquia",,https://www.instagram.com/parqueaderoylavaderoavcolombia/profilecard/?igsh=MXUwMTlvM2Q5M2pzOA==,https://www.facebook.com/p/Servicio-T%C3%A9cnico-Especializado-Servites-Medellin-100064207926478/
Porfin Motos Reparacion de Chasis,"Cl. 47 #39-32, La Candelaria, Medellín, La Candelaria, Medellín, Antioquia",,https://www.instagram.com/porfinmotos_chasis/?locale=zh_CN&hl=ar,https://www.facebook.com/p/El-chasis-100063565924601/
Taller Cesar,"Cl. 48 #49 42, La Candelaria, Medellín, La Candelaria, Medellín, Antioquia",,https://www.instagram.com/parqueaderoylavaderoavcolombia/profilecard/?igsh=MXUwMTlvM2Q5M2pzOA==,
Taller De Motos Eupo,"Cl 44 #42-103, La Candelaria, Medellín, La Candelaria, Medellín, Antioquia",'+573128937823,https://www.instagram.com/parqueaderoylavaderoavcolombia/profilecard/?igsh=MXUwMTlvM2Q5M2pzOA==,
Khatamy1st,"La Candelaria, Medellín, La Candelaria, Medellín, Antioquia",,https://www.instagram.com/parqueaderoylavaderoavcolombia/profilecard/?igsh=MXUwMTlvM2Q5M2pzOA==,
DAYTONA PITS,"Cl. 43, Betania, Medellín, Sabaneta, Antioquia",'+573016773631,https://www.instagram.com/parqueaderoylavaderoavcolombia/profilecard/?igsh=MXUwMTlvM2Q5M2pzOA==,https://www.facebook.com/daytona.pits.3/?locale=es_LA
Mekafrenos Medellín Ltda.,"Cl. 40 #51-52, La Candelaria, Medellín, La Candelaria, Medellín, Antioquia",'+5744484716,https://www.instagram.com/parqueaderoylavaderoavcolombia/profilecard/?igsh=MXUwMTlvM2Q5M2pzOA==,
Tec Honda,"Cra. 65 #34 - 160, Laureles - Estadio, Medellín, Laureles, Medellín, Antioquia",'+5742351611,https://www.instagram.com/parqueaderoylavaderoavcolombia/profilecard/?igsh=MXUwMTlvM2Q5M2pzOA==,
Taller de motos | Mecánico de motos a domicilio,"Entre amigos, 055413, Cl 71Sur #45-40, Sabaneta, Antioquia",'+573042504142,http://www.instagram.com/pp_bikers/,
Autoland Suzuki,"Cra. 43A #31121, La Candelaria, Medellín, La Candelaria, Medellín, Antioquia",'+573330333745,https://www.instagram.com/autolandcolombia,https://www.facebook.com/autolandcolombia
Escuelas De Mecanica Automotriz,"Cl. 48 #44-12, La Candelaria, Medellín, La Candelaria, Medellín, Antioquia",'+573143872077,https://www.instagram.com/parqueaderoylavaderoavcolombia/profilecard/?igsh=MXUwMTlvM2Q5M2pzOA==,
taller de mecanizados,"calle 50 * 41-99, int 127, Itagüi, Antioquia",,https://www.instagram.com/parqueaderoylavaderoavcolombia/profilecard/?igsh=MXUwMTlvM2Q5M2pzOA==,
SCOOTER STORE MEDELLIN,"Av. 33 #65c-03, fatima, Medellín, Belén, Medellín, Antioquia",'+573113425271,https://www.instagram.com/scooterstore/?hl=es,https://www.facebook.com/scooterstore.medellin/?locale=es_LA
PARQUEADERO Y LAVADERO AV COLOMBIA PUNTO AMARILLO,"Cl. 51 #69 - 120, Laureles - Estadio, Medellín, Laureles, Medellín, Antioquia",'+573136839653,https://www.instagram.com/parqueaderoylavaderoavcolombia/,https://www.facebook.com/parqueadero.lavadero.7
Montallanta el chamo,"La Candelaria, Medellín, La Candelaria, Medellín, Antioquia",,https://www.instagram.com/parqueaderoylavaderoavcolombia/profilecard/?igsh=MXUwMTlvM2Q5M2pzOA==,
Taller de Motos,"Cra. 38 #49-32, La Candelaria, Medellín, La Candelaria, Medellín, Antioquia",'+5742162026,https://www.instagram.com/mototech_medellin/?hl=es-la,
Multicar San Lucas,"Carulla San Lucas, Cl. 20 Sur #27-124, El Poblado, Medellín, El Poblado, Medellín, Antioquia",'+573108396898,https://www.instagram.com/multicar.sas/,https://www.facebook.com/MulticarMedellin/
Unifrenos Frenos y Suspensiones,"Cl 44 #69-64, Laureles - Estadio, Medellín, Laureles, Medellín, Antioquia",'+576042600853,https://www.instagram.com/unifrenos_medellin/,
Lavadero de carros,323 4769557,'+573234769557,https://instagram.com/aldo_detailing33,https://www.facebook.com/belencarwash
TALLER DE MOTOS SABANETA,"Calle 76ES #46B-120, Sabaneta, MEDELLIN, Antioquia",'+5742884761,,
HERO SAN JUAN MEDELLIN ADS MEGA TALLER,"Cl 44 # 75 16, Laureles - Estadio, Medellín, Laureles, Medellín, Antioquia",'+573330333487,https://www.instagram.com/adsmotos_,https://www.facebook.com/heroadsmotorcycles/?locale=es_LA
Taller De Bobinados,"Cl. 53 #49 - 91, La Candelaria, Medellín, La Candelaria, Medellín, Antioquia",,,
Carbudores Francisco,"Lo vaina, La Candelaria, Medellín, La Candelaria, Medellín, Antioquia",'+573046178650,,https://www.facebook.com/p/Carburadores-medellin-100068090929197/
TALLER V12AUTOS,"Cra. 45 #42-90, La Candelaria, Medellín, La Candelaria, Medellín, Antioquia",'+573127652294,https://www.instagram.com/v12autoss/?hl=es,https://www.facebook.com/V12AUTOS/?locale=es_LA
